state_code_match,state_name_match,state_code,county_name,county_code,ssa
2,AK,1,AUTAUGA,0,1000
1,AL,1,BALDWIN,10,1010
4,AR,1,BARBOUR,20,1020
3,AZ,1,BIBB,30,1030
5,CA,1,BLOUNT,40,1040
6,CO,1,BULLOCK,50,1050
7,CT,1,BUTLER,60,1060
8,DE,1,CALHOUN,70,1070
10,FL,1,CHAMBERS,80,1080
11,GA,1,CHEROKEE,90,1090
12,HI,1,CHILTON,100,1100
16,IA,1,CHOCTAW,110,1110
13,ID,1,CLARKE,120,1120
14,IL,1,CLAY,130,1130
15,IN,1,CLEBURNE,140,1140
17,KS,1,COFFEE,150,1150
18,KY,1,COLBERT,160,1160
19,LA,1,CONECUH,170,1170
22,MA,1,COOSA,180,1180
21,MD,1,COVINGTON,190,1190
20,ME,1,CRENSHAW,200,1200
23,MI,1,CULLMAN,210,1210
24,MN,1,DALE,220,1220
26,MO,1,DALLAS,230,1230
25,MS,1,DE KALB,240,1240
27,MT,1,ELMORE,250,1250
34,NC,1,ESCAMBIA,260,1260
35,ND,1,ETOWAH,270,1270
28,NE,1,FAYETTE,280,1280
30,NH,1,FRANKLIN,290,1290
31,NJ,1,GENEVA,300,1300
32,NM,1,GREENE,310,1310
29,NV,1,HALE,320,1320
33,NY,1,HENRY,330,1330
36,OH,1,HOUSTON,340,1340
37,OK,1,JACKSON,350,1350
38,OR,1,JEFFERSON,360,1360
39,PA,1,LAMAR,370,1370
41,RI,1,LAUDERDALE,380,1380
42,SC,1,LAWRENCE,390,1390
43,SD,1,LEE,400,1400
44,TN,1,LIMESTONE,410,1410
45,TX,1,LOWNDES,420,1420
46,UT,1,MACON,430,1430
49,VA,1,MADISON,440,1440
47,VT,1,MARENGO,450,1450
50,WA,1,MARION,460,1460
52,WI,1,MARSHALL,470,1470
51,WV,1,MOBILE,480,1480
53,WY,1,MONROE,490,1490
9,DC (Washington D.C.),1,MONTGOMERY,500,1500
40,PR (Puerto Rico),1,MORGAN,510,1510
,,1,PERRY,520,1520
,,1,PICKENS,530,1530
,,1,PIKE,540,1540
,,1,RANDOLPH,550,1550
,,1,RUSSELL,560,1560
,,1,ST. CLAIR,570,1570
,,1,SHELBY,580,1580
,,1,SUMTER,590,1590
,,1,TALLADEGA,600,1600
,,1,TALLAPOOSA,610,1610
,,1,TUSCALOOSA,620,1620
,,1,WALKER,630,1630
,,1,WASHINGTON,640,1640
,,1,WILCOX,650,1650
,,1,WINSTON,660,1660
,,1,STATEWIDE,999,1999
,,2,ALEUTIANS EAST,13,2013
,,2,ALEUTIANS WEST,16,2016
,,2,ANCHORAGE,20,2020
,,2,ANGOON,30,2030
,,2,BARROW-NORTH SLOPE,40,2040
,,2,BETHEL,50,2050
,,2,BRISTOL BAY BOROUGH,60,2060
,,2,DENALI,68,2068
,,2,DILLINGHAM,70,2070
,,2,CORDOVA-MCCARTHY,80,2080
,,2,FAIRBANKS NORTH STAR,90,2090
,,2,HAINES,100,2100
,,2,JUNEAU,110,2110
,,2,KENAI-COOK INLET,120,2120
,,2,KENAI PENINSULA,122,2122
,,2,KETCHIKAN GATEWAY,130,2130
,,2,KOBUK,140,2140
,,2,KODIAK ISLAND BOROUGH,150,2150
,,2,KSUKOKWIN,160,2160
,,2,LAKE AND PENINSULA,164,2164
,,2,MATANUSKA-SUSITNA,170,2170
,,2,NOME,180,2180
,,2,NORTH SLOPE BOROUH,185,2185
,,2,NORTHWEST ARTIC BOROUGH,188,2188
,,2,OUTER KETCHIKAN,190,2190
,,2,PR.OF WALES,200,2200
,,2,PR.OF WALES-OUT.KETCHIKAN,201,2201
,,2,SEWARD,210,2210
,,2,SITKA BOROUGH,220,2220
,,2,SKAGWAY-YAKUTAT,230,2230
,,2,SKAGWAY-YAKUTAT-ANGOON,231,2231
,,2,SKAGWAY-HOONAH-ANGOON,232,2232
,,2,SOUTHEAST FAIRBANKS,240,2240
,,2,UPPER YUKON,250,2250
,,2,VALDEZ-CHITNA-WHITTIER,260,2260
,,2,VALDEZ-CORDOVA,261,2261
,,2,WADE HAMPTON,270,2270
,,2,WRANGELL-PETERSBURG,280,2280
,,2,YAKUTAT BOROUGH,282,2282
,,2,YUKON-KOYUKUK,290,2290
,,2,STATEWIDE,999,2999
,,3,APACHE,0,3000
,,3,COCHISE,10,3010
,,3,COCONINO,20,3020
,,3,GILA,30,3030
,,3,GRAHAM,40,3040
,,3,GREENLEE,50,3050
,,3,LAPAZ,55,3055
,,3,MARICOPA,60,3060
,,3,MOHAVE,70,3070
,,3,NAVAJO,80,3080
,,3,PIMA,90,3090
,,3,PINAL,100,3100
,,3,SANTA CRUZ,110,3110
,,3,YAVAPAI,120,3120
,,3,YUMA,130,3130
,,3,STATEWIDE,999,3999
,,4,ARKANSAS,0,4000
,,4,ASHLEY,10,4010
,,4,BAXTER,20,4020
,,4,BENTON,30,4030
,,4,BOONE,40,4040
,,4,BRADLEY,50,4050
,,4,CALHOUN,60,4060
,,4,CARROLL,70,4070
,,4,CHICOT,80,4080
,,4,CLARK,90,4090
,,4,CLAY,100,4100
,,4,CLEBURNE,110,4110
,,4,CLEVELAND,120,4120
,,4,COLUMBIA,130,4130
,,4,CONWAY,140,4140
,,4,CRAIGHEAD,150,4150
,,4,CRAWFORD,160,4160
,,4,CRITTENDEN,170,4170
,,4,CROSS,180,4180
,,4,DALLAS,190,4190
,,4,DESHA,200,4200
,,4,DREW,210,4210
,,4,FAULKNER,220,4220
,,4,FRANKLIN,230,4230
,,4,FULTON,240,4240
,,4,GARLAND,250,4250
,,4,GRANT,260,4260
,,4,GREENE,270,4270
,,4,HEMPSTEAD,280,4280
,,4,HOT SPRING,290,4290
,,4,HOWARD,300,4300
,,4,INDEPENDENCE,310,4310
,,4,IZARD,320,4320
,,4,JACKSON,330,4330
,,4,JEFFERSON,340,4340
,,4,JOHNSON,350,4350
,,4,LAFAYETTE,360,4360
,,4,LAWRENCE,370,4370
,,4,LEE,380,4380
,,4,LINCOLN,390,4390
,,4,LITTLE RIVER,400,4400
,,4,LOGAN,410,4410
,,4,LONOKE,420,4420
,,4,MADISON,430,4430
,,4,MARION,440,4440
,,4,MILLER,450,4450
,,4,MISSISSIPPI,460,4460
,,4,MONROE,470,4470
,,4,MONTGOMERY,480,4480
,,4,NEVADA,490,4490
,,4,NEWTON,500,4500
,,4,OUACHITA,510,4510
,,4,PERRY,520,4520
,,4,PHILLIPS,530,4530
,,4,PIKE,540,4540
,,4,POINSETT,550,4550
,,4,POLK,560,4560
,,4,POPE,570,4570
,,4,PRAIRIE,580,4580
,,4,PULASKI,590,4590
,,4,RANDOLPH,600,4600
,,4,ST. FRANCIS,610,4610
,,4,SALINE,620,4620
,,4,SCOTT,630,4630
,,4,SEARCY,640,4640
,,4,SEBASTIAN,650,4650
,,4,SEVIER,660,4660
,,4,SHARP,670,4670
,,4,STONE,680,4680
,,4,UNION,690,4690
,,4,VAN BUREN,700,4700
,,4,WASHINGTON,710,4710
,,4,WHITE,720,4720
,,4,WOODRUFF,730,4730
,,4,YELL,740,4740
,,4,STATEWIDE,999,4999
,,5,ALAMEDA,0,5000
,,5,ALPINE,10,5010
,,5,AMADOR,20,5020
,,5,BUTTE,30,5030
,,5,CALAVERAS,40,5040
,,5,COLUSA,50,5050
,,5,CONTRA COSTA,60,5060
,,5,DEL NORTE,70,5070
,,5,EL DORADO,80,5080
,,5,FRESNO,90,5090
,,5,GLENN,100,5100
,,5,HUMBOLDT,110,5110
,,5,IMPERIAL,120,5120
,,5,INYO,130,5130
,,5,KERN,140,5140
,,5,KINGS,150,5150
,,5,LAKE,160,5160
,,5,LASSEN,170,5170
,,5,LOS ANGELES,200,5200
,,5,LOS ANGELES,210,5210
,,5,MADERA,300,5300
,,5,MARIN,310,5310
,,5,MARIPOSA,320,5320
,,5,MENDOCINO,330,5330
,,5,MERCED,340,5340
,,5,MODOC,350,5350
,,5,MONO,360,5360
,,5,MONTEREY,370,5370
,,5,NAPA,380,5380
,,5,NEVADA,390,5390
,,5,ORANGE,400,5400
,,5,PLACER,410,5410
,,5,PLUMAS,420,5420
,,5,RIVERSIDE,430,5430
,,5,SACRAMENTO,440,5440
,,5,SAN BENITO,450,5450
,,5,SAN BERNARDINO,460,5460
,,5,SAN DIEGO,470,5470
,,5,SAN FRANCISCO,480,5480
,,5,SAN JOAQUIN,490,5490
,,5,SAN LUIS OBISPO,500,5500
,,5,SAN MATEO,510,5510
,,5,SANTA BARBARA,520,5520
,,5,SANTA CLARA,530,5530
,,5,SANTA CRUZ,540,5540
,,5,SHASTA,550,5550
,,5,SIERRA,560,5560
,,5,SISKIYOU,570,5570
,,5,SOLANO,580,5580
,,5,SONOMA,590,5590
,,5,STANISLAUS,600,5600
,,5,SUTTER,610,5610
,,5,TEHAMA,620,5620
,,5,TRINITY,630,5630
,,5,TULARE,640,5640
,,5,TUOLUMNE,650,5650
,,5,VENTURA,660,5660
,,5,YOLO,670,5670
,,5,YUBA,680,5680
,,5,STATEWIDE,999,5999
,,6,ADAMS,0,6000
,,6,ALAMOSA,10,6010
,,6,BROOMFIELD,630,6630
,,6,ARAPAHOE,20,6020
,,6,ARCHULETA,30,6030
,,6,BACA,40,6040
,,6,BENT,50,6050
,,6,BOULDER,60,6060
,,6,CHAFFEE,70,6070
,,6,CHEYENNE,80,6080
,,6,CLEAR CREEK,90,6090
,,6,CONEJOS,100,6100
,,6,COSTILLA,110,6110
,,6,CROWLEY,120,6120
,,6,CUSTER,130,6130
,,6,DELTA,140,6140
,,6,DENVER,150,6150
,,6,DOLORES,160,6160
,,6,DOUGLAS,170,6170
,,6,EAGLE,180,6180
,,6,ELBERT,190,6190
,,6,EL PASO,200,6200
,,6,FREMONT,210,6210
,,6,GARFIELD,220,6220
,,6,GILPIN,230,6230
,,6,GRAND,240,6240
,,6,GUNNISON,250,6250
,,6,HINSDALE,260,6260
,,6,HUERFANO,270,6270
,,6,JACKSON,280,6280
,,6,JEFFERSON,290,6290
,,6,KIOWA,300,6300
,,6,KIT CARSON,310,6310
,,6,LAKE,320,6320
,,6,LA PLATA,330,6330
,,6,LARIMER,340,6340
,,6,LAS ANIMAS,350,6350
,,6,LINCOLN,360,6360
,,6,LOGAN,370,6370
,,6,MESA,380,6380
,,6,MINERAL,390,6390
,,6,MOFFAT,400,6400
,,6,MONTEZUMA,410,6410
,,6,MONTROSE,420,6420
,,6,MORGAN,430,6430
,,6,OTERO,440,6440
,,6,OURAY,450,6450
,,6,PARK,460,6460
,,6,PHILLIPS,470,6470
,,6,PITKIN,480,6480
,,6,PROWERS,490,6490
,,6,PUEBLO,500,6500
,,6,RIO BLANCO,510,6510
,,6,RIO GRANDE,520,6520
,,6,ROUTT,530,6530
,,6,SAGUACHE,540,6540
,,6,SAN JUAN,550,6550
,,6,SAN MIGUEL,560,6560
,,6,SEDGWICK,570,6570
,,6,SUMMIT,580,6580
,,6,TELLER,590,6590
,,6,WASHINGTON,600,6600
,,6,WELD,610,6610
,,6,YUMA,620,6620
,,6,STATEWIDE,999,6999
,,7,FAIRFIELD,0,7000
,,7,HARTFORD,10,7010
,,7,LITCHFIELD,20,7020
,,7,MIDDLESEX,30,7030
,,7,NEW HAVEN,40,7040
,,7,NEW LONDON,50,7050
,,7,TOLLAND,60,7060
,,7,WINDHAM,70,7070
,,7,STATEWIDE,999,7999
,,8,KENT,0,8000
,,8,NEW CASTLE,10,8010
,,8,SUSSEX,20,8020
,,8,STATEWIDE,999,8999
,,9,THE DISTRICT,0,9000
,,10,ALACHUA,0,10000
,,10,BAKER,10,10010
,,10,BAY,20,10020
,,10,BRADFORD,30,10030
,,10,BREVARD,40,10040
,,10,BROWARD,50,10050
,,10,CALHOUN,60,10060
,,10,CHARLOTTE,70,10070
,,10,CITRUS,80,10080
,,10,CLAY,90,10090
,,10,COLLIER,100,10100
,,10,COLUMBIA,110,10110
,,10,DADE,120,10120
,,10,DE SOTO,130,10130
,,10,DIXIE,140,10140
,,10,DUVAL,150,10150
,,10,ESCAMBIA,160,10160
,,10,FLAGLER,170,10170
,,10,FRANKLIN,180,10180
,,10,GADSDEN,190,10190
,,10,GILCHRIST,200,10200
,,10,GLADES,210,10210
,,10,GULF,220,10220
,,10,HAMILTON,230,10230
,,10,HARDEE,240,10240
,,10,HENDRY,250,10250
,,10,HERNANDO,260,10260
,,10,HIGHLANDS,270,10270
,,10,HILLSBOROUGH,280,10280
,,10,HOLMES,290,10290
,,10,INDIAN RIVER,300,10300
,,10,JACKSON,310,10310
,,10,JEFFERSON,320,10320
,,10,LAFAYETTE,330,10330
,,10,LAKE,340,10340
,,10,LEE,350,10350
,,10,LEON,360,10360
,,10,LEVY,370,10370
,,10,LIBERTY,380,10380
,,10,MADISON,390,10390
,,10,MANATEE,400,10400
,,10,MARION,410,10410
,,10,MARTIN,420,10420
,,10,MIAMI-DADE,120,10120
,,10,MONROE,430,10430
,,10,NASSAU,440,10440
,,10,OKALOOSA,450,10450
,,10,OKEECHOBEE,460,10460
,,10,ORANGE,470,10470
,,10,OSCEOLA,480,10480
,,10,PALM BEACH,490,10490
,,10,PASCO,500,10500
,,10,PINELLAS,510,10510
,,10,POLK,520,10520
,,10,PUTNAM,530,10530
,,10,ST. JOHNS,540,10540
,,10,ST. LUCIE,550,10550
,,10,SANTA ROSA,560,10560
,,10,SARASOTA,570,10570
,,10,SEMINOLE,580,10580
,,10,SUMTER,590,10590
,,10,SUWANNEE,600,10600
,,10,TAYLOR,610,10610
,,10,UNION,620,10620
,,10,VOLUSIA,630,10630
,,10,WAKULLA,640,10640
,,10,WALTON,650,10650
,,10,WASHINGTON,660,10660
,,10,STATEWIDE,999,10999
,,11,APPLING,0,11000
,,11,ATKINSON,10,11010
,,11,BACON,11,11011
,,11,BAKER,20,11020
,,11,BALDWIN,30,11030
,,11,BANKS,40,11040
,,11,BARROW,50,11050
,,11,BARTOW,60,11060
,,11,BEN HILL,70,11070
,,11,BERRIEN,80,11080
,,11,BIBB,90,11090
,,11,BLECKLEY,100,11100
,,11,BRANTLEY,110,11110
,,11,BROOKS,120,11120
,,11,BRYAN,130,11130
,,11,BULLOCH,140,11140
,,11,BURKE,150,11150
,,11,BUTTS,160,11160
,,11,CALHOUN,161,11161
,,11,CAMDEN,170,11170
,,11,CANDLER,180,11180
,,11,CARROLL,190,11190
,,11,CATOOSA,200,11200
,,11,CHARLTON,210,11210
,,11,CHATHAM,220,11220
,,11,CHATTAHOOCHEE,230,11230
,,11,CHATTOOGA,240,11240
,,11,CHEROKEE,250,11250
,,11,CLARKE,260,11260
,,11,CLAY,270,11270
,,11,CLAYTON,280,11280
,,11,CLINCH,281,11281
,,11,COBB,290,11290
,,11,COFFEE,291,11291
,,11,COLQUITT,300,11300
,,11,COLUMBIA,310,11310
,,11,COOK,311,11311
,,11,COWETA,320,11320
,,11,CRAWFORD,330,11330
,,11,CRISP,340,11340
,,11,DADE,341,11341
,,11,DAWSON,350,11350
,,11,DECATUR,360,11360
,,11,DE KALB,370,11370
,,11,DODGE,380,11380
,,11,DOOLY,381,11381
,,11,DOUGHERTY,390,11390
,,11,DOUGLAS,400,11400
,,11,EARLY,410,11410
,,11,ECHOLS,420,11420
,,11,EFFINGHAM,421,11421
,,11,ELBERT,430,11430
,,11,EMANUEL,440,11440
,,11,EVANS,441,11441
,,11,FANNIN,450,11450
,,11,FAYETTE,451,11451
,,11,FLOYD,460,11460
,,11,FORSYTH,461,11461
,,11,FRANKLIN,462,11462
,,11,FULTON,470,11470
,,11,GILMER,471,11471
,,11,GLASCOCK,480,11480
,,11,GLYNN,490,11490
,,11,GORDON,500,11500
,,11,GRADY,510,11510
,,11,GREENE,520,11520
,,11,GWINNETT,530,11530
,,11,HABERSHAM,540,11540
,,11,HALL,550,11550
,,11,HANCOCK,560,11560
,,11,HARALSON,570,11570
,,11,HARRIS,580,11580
,,11,HART,581,11581
,,11,HEARD,590,11590
,,11,HENRY,591,11591
,,11,HOUSTON,600,11600
,,11,IRWIN,601,11601
,,11,JACKSON,610,11610
,,11,JASPER,611,11611
,,11,JEFF DAVIS,612,11612
,,11,JEFFERSON,620,11620
,,11,JENKINS,630,11630
,,11,JOHNSON,640,11640
,,11,JONES,650,11650
,,11,LAMAR,651,11651
,,11,LANIER,652,11652
,,11,LAURENS,660,11660
,,11,LEE,670,11670
,,11,LIBERTY,680,11680
,,11,LINCOLN,690,11690
,,11,LONG,691,11691
,,11,LOWNDES,700,11700
,,11,LUMPKIN,701,11701
,,11,MC DUFFIE,702,11702
,,11,MC INTOSH,703,11703
,,11,MACON,710,11710
,,11,MADISON,720,11720
,,11,MARION,730,11730
,,11,MERIWETHER,740,11740
,,11,MILLER,741,11741
,,11,MITCHELL,750,11750
,,11,MONROE,760,11760
,,11,MONTGOMERY,770,11770
,,11,MORGAN,771,11771
,,11,MURRAY,772,11772
,,11,MUSCOGEE,780,11780
,,11,NEWTON,790,11790
,,11,OCONEE,800,11800
,,11,OGLETHORPE,801,11801
,,11,PAULDING,810,11810
,,11,PEACH,811,11811
,,11,PICKENS,812,11812
,,11,PIERCE,820,11820
,,11,PIKE,821,11821
,,11,POLK,830,11830
,,11,PULASKI,831,11831
,,11,PUTNAM,832,11832
,,11,QUITMAN,833,11833
,,11,RABUN,834,11834
,,11,RANDOLPH,835,11835
,,11,RICHMOND,840,11840
,,11,ROCKDALE,841,11841
,,11,SCHLEY,842,11842
,,11,SCREVEN,850,11850
,,11,SEMINOLE,851,11851
,,11,SPALDING,860,11860
,,11,STEPHENS,861,11861
,,11,STEWART,862,11862
,,11,SUMTER,870,11870
,,11,TALBOT,880,11880
,,11,TALIAFERRO,881,11881
,,11,TATTNALL,882,11882
,,11,TAYLOR,883,11883
,,11,TELFAIR,884,11884
,,11,TERRELL,885,11885
,,11,THOMAS,890,11890
,,11,TIFT,900,11900
,,11,TOOMBS,901,11901
,,11,TOWNS,902,11902
,,11,TREUTLEN,903,11903
,,11,TROUP,910,11910
,,11,TURNER,911,11911
,,11,TWIGGS,912,11912
,,11,UNION,913,11913
,,11,UPSON,920,11920
,,11,WALKER,921,11921
,,11,WALTON,930,11930
,,11,WARE,940,11940
,,11,WARREN,941,11941
,,11,WASHINGTON,950,11950
,,11,WAYNE,960,11960
,,11,WEBSTER,961,11961
,,11,WHEELER,962,11962
,,11,WHITE,963,11963
,,11,WHITFIELD,970,11970
,,11,WILCOX,971,11971
,,11,WILKES,972,11972
,,11,WILKINSON,973,11973
,,11,WORTH,980,11980
,,11,STATEWIDE,999,11999
,,12,HAWAII,10,12010
,,12,HONOLULU,20,12020
,,12,KALAWAO,5,12005
,,12,KAUAI,40,12040
,,12,MAUI,50,12050
,,12,STATEWIDE,999,12999
,,13,ADA,0,13000
,,13,ADAMS,10,13010
,,13,BANNOCK,20,13020
,,13,BEAR LAKE,30,13030
,,13,BENEWAH,40,13040
,,13,BINGHAM,50,13050
,,13,BLAINE,60,13060
,,13,BOISE,70,13070
,,13,BONNER,80,13080
,,13,BONNEVILLE,90,13090
,,13,BOUNDARY,100,13100
,,13,BUTTE,110,13110
,,13,CAMAS,120,13120
,,13,CANYON,130,13130
,,13,CARIBOU,140,13140
,,13,CASSIA,150,13150
,,13,CLARK,160,13160
,,13,CLEARWATER,170,13170
,,13,CUSTER,180,13180
,,13,ELMORE,190,13190
,,13,FRANKLIN,200,13200
,,13,FREMONT,210,13210
,,13,GEM,220,13220
,,13,GOODING,230,13230
,,13,IDAHO,240,13240
,,13,JEFFERSON,250,13250
,,13,JEROME,260,13260
,,13,KOOTENAI,270,13270
,,13,LATAH,280,13280
,,13,LEMHI,290,13290
,,13,LEWIS,300,13300
,,13,LINCOLN,310,13310
,,13,MADISON,320,13320
,,13,MINIDOKA,330,13330
,,13,NEZ PERCE,340,13340
,,13,ONEIDA,350,13350
,,13,OWYHEE,360,13360
,,13,PAYETTE,370,13370
,,13,POWER,380,13380
,,13,SHOSHONE,390,13390
,,13,TETON,400,13400
,,13,TWIN FALLS,410,13410
,,13,VALLEY,420,13420
,,13,WASHINGTON,430,13430
,,13,STATEWIDE,999,13999
,,14,ADAMS,0,14000
,,14,ALEXANDER,10,14010
,,14,BOND,20,14020
,,14,BOONE,30,14030
,,14,BROWN,40,14040
,,14,BUREAU,50,14050
,,14,CALHOUN,60,14060
,,14,CARROLL,70,14070
,,14,CASS,80,14080
,,14,CHAMPAIGN,90,14090
,,14,CHRISTIAN,100,14100
,,14,CLARK,110,14110
,,14,CLAY,120,14120
,,14,CLINTON,130,14130
,,14,COLES,140,14140
,,14,COOK,141,14141
,,14,CRAWFORD,150,14150
,,14,CUMBERLAND,160,14160
,,14,DE KALB,170,14170
,,14,DE WITT,180,14180
,,14,DOUGLAS,190,14190
,,14,DU PAGE,250,14250
,,14,EDGAR,310,14310
,,14,EDWARDS,320,14320
,,14,EFFINGHAM,330,14330
,,14,FAYETTE,340,14340
,,14,FORD,350,14350
,,14,FRANKLIN,360,14360
,,14,FULTON,370,14370
,,14,GALLATIN,380,14380
,,14,GREENE,390,14390
,,14,GRUNDY,400,14400
,,14,HAMILTON,410,14410
,,14,HANCOCK,420,14420
,,14,HARDIN,421,14421
,,14,HENDERSON,440,14440
,,14,HENRY,450,14450
,,14,IROQUOIS,460,14460
,,14,JACKSON,470,14470
,,14,JASPER,480,14480
,,14,JEFFERSON,490,14490
,,14,JERSEY,500,14500
,,14,JO DAVIESS,510,14510
,,14,JOHNSON,520,14520
,,14,KANE,530,14530
,,14,KANKAKEE,540,14540
,,14,KENDALL,550,14550
,,14,KNOX,560,14560
,,14,LAKE,570,14570
,,14,LA SALLE,580,14580
,,14,LAWRENCE,590,14590
,,14,LEE,600,14600
,,14,LIVINGSTON,610,14610
,,14,LOGAN,620,14620
,,14,MC DONOUGH,630,14630
,,14,MC HENRY,640,14640
,,14,MC LEAN,650,14650
,,14,MACON,660,14660
,,14,MACOUPIN,670,14670
,,14,MADISON,680,14680
,,14,MARION,690,14690
,,14,MARSHALL,700,14700
,,14,MASON,710,14710
,,14,MASSAC,720,14720
,,14,MENARD,730,14730
,,14,MERCER,740,14740
,,14,MONROE,750,14750
,,14,MONTGOMERY,760,14760
,,14,MORGAN,770,14770
,,14,MOULTRIE,780,14780
,,14,OGLE,790,14790
,,14,PEORIA,800,14800
,,14,PERRY,810,14810
,,14,PIATT,820,14820
,,14,PIKE,830,14830
,,14,POPE,831,14831
,,14,PULASKI,850,14850
,,14,PUTNAM,860,14860
,,14,RANDOLPH,870,14870
,,14,RICHLAND,880,14880
,,14,ROCK ISLAND,890,14890
,,14,ST. CLAIR,900,14900
,,14,SALINE,910,14910
,,14,SANGAMON,920,14920
,,14,SCHUYLER,921,14921
,,14,SCOTT,940,14940
,,14,SHELBY,950,14950
,,14,STARK,960,14960
,,14,STEPHENSON,970,14970
,,14,TAZEWELL,980,14980
,,14,UNION,981,14981
,,14,VERMILION,982,14982
,,14,WABASH,983,14983
,,14,WARREN,984,14984
,,14,WASHINGTON,985,14985
,,14,WAYNE,986,14986
,,14,WHITE,987,14987
,,14,WHITESIDE,988,14988
,,14,WILL,989,14989
,,14,WILLIAMSON,990,14990
,,14,WINNEBAGO,991,14991
,,14,WOODFORD,992,14992
,,14,STATEWIDE,999,14999
,,15,ADAMS,0,15000
,,15,ALLEN,10,15010
,,15,BARTHOLOMEW,20,15020
,,15,BENTON,30,15030
,,15,BLACKFORD,40,15040
,,15,BOONE,50,15050
,,15,BROWN,60,15060
,,15,CARROLL,70,15070
,,15,CASS,80,15080
,,15,CLARK,90,15090
,,15,CLAY,100,15100
,,15,CLINTON,110,15110
,,15,CRAWFORD,120,15120
,,15,DAVIESS,130,15130
,,15,DEARBORN,140,15140
,,15,DECATUR,150,15150
,,15,DE KALB,160,15160
,,15,DELAWARE,170,15170
,,15,DUBOIS,180,15180
,,15,ELKHART,190,15190
,,15,FAYETTE,200,15200
,,15,FLOYD,210,15210
,,15,FOUNTAIN,220,15220
,,15,FRANKLIN,230,15230
,,15,FULTON,240,15240
,,15,GIBSON,250,15250
,,15,GRANT,260,15260
,,15,GREENE,270,15270
,,15,HAMILTON,280,15280
,,15,HANCOCK,290,15290
,,15,HARRISON,300,15300
,,15,HENDRICKS,310,15310
,,15,HENRY,320,15320
,,15,HOWARD,330,15330
,,15,HUNTINGTON,340,15340
,,15,JACKSON,350,15350
,,15,JASPER,360,15360
,,15,JAY,370,15370
,,15,JEFFERSON,380,15380
,,15,JENNINGS,390,15390
,,15,JOHNSON,400,15400
,,15,KNOX,410,15410
,,15,KOSCIUSKO,420,15420
,,15,LAGRANGE,430,15430
,,15,LAKE,440,15440
,,15,LA PORTE,450,15450
,,15,LAWRENCE,460,15460
,,15,MADISON,470,15470
,,15,MARION,480,15480
,,15,MARSHALL,490,15490
,,15,MARTIN,500,15500
,,15,MIAMI,510,15510
,,15,MONROE,520,15520
,,15,MONTGOMERY,530,15530
,,15,MORGAN,540,15540
,,15,NEWTON,550,15550
,,15,NOBLE,560,15560
,,15,OHIO,570,15570
,,15,ORANGE,580,15580
,,15,OWEN,590,15590
,,15,PARKE,600,15600
,,15,PERRY,610,15610
,,15,PIKE,620,15620
,,15,PORTER,630,15630
,,15,POSEY,640,15640
,,15,PULASKI,650,15650
,,15,PUTNAM,660,15660
,,15,RANDOLPH,670,15670
,,15,RIPLEY,680,15680
,,15,RUSH,690,15690
,,15,ST. JOSEPH,700,15700
,,15,SCOTT,710,15710
,,15,SHELBY,720,15720
,,15,SPENCER,730,15730
,,15,STARKE,740,15740
,,15,STEUBEN,750,15750
,,15,SULLIVAN,760,15760
,,15,SWITZERLAND,770,15770
,,15,TIPPECANOE,780,15780
,,15,TIPTON,790,15790
,,15,UNION,800,15800
,,15,VANDERBURGH,810,15810
,,15,VERMILLION,820,15820
,,15,VIGO,830,15830
,,15,WABASH,840,15840
,,15,WARREN,850,15850
,,15,WARRICK,860,15860
,,15,WASHINGTON,870,15870
,,15,WAYNE,880,15880
,,15,WELLS,890,15890
,,15,WHITE,900,15900
,,15,WHITLEY,910,15910
,,15,STATEWIDE,999,15999
,,16,ADAIR,0,16000
,,16,ADAMS,10,16010
,,16,ALLAMAKEE,20,16020
,,16,APPANOOSE,30,16030
,,16,AUDUBON,40,16040
,,16,BENTON,50,16050
,,16,BLACK HAWK,60,16060
,,16,BOONE,70,16070
,,16,BREMER,80,16080
,,16,BUCHANAN,90,16090
,,16,BUENA VISTA,100,16100
,,16,BUTLER,110,16110
,,16,CALHOUN,120,16120
,,16,CARROLL,130,16130
,,16,CASS,140,16140
,,16,CEDAR,150,16150
,,16,CERRO GORDO,160,16160
,,16,CHEROKEE,170,16170
,,16,CHICKASAW,180,16180
,,16,CLARKE,190,16190
,,16,CLAY,200,16200
,,16,CLAYTON,210,16210
,,16,CLINTON,220,16220
,,16,CRAWFORD,230,16230
,,16,DALLAS,240,16240
,,16,DAVIS,250,16250
,,16,DECATUR,260,16260
,,16,DELAWARE,270,16270
,,16,DES MOINES,280,16280
,,16,DICKINSON,290,16290
,,16,DUBUQUE,300,16300
,,16,EMMET,310,16310
,,16,FAYETTE,320,16320
,,16,FLOYD,330,16330
,,16,FRANKLIN,340,16340
,,16,FREMONT,350,16350
,,16,GREENE,360,16360
,,16,GRUNDY,370,16370
,,16,GUTHRIE,380,16380
,,16,HAMILTON,390,16390
,,16,HANCOCK,400,16400
,,16,HARDIN,410,16410
,,16,HARRISON,420,16420
,,16,HENRY,430,16430
,,16,HOWARD,440,16440
,,16,HUMBOLDT,450,16450
,,16,IDA,460,16460
,,16,IOWA,470,16470
,,16,JACKSON,480,16480
,,16,JASPER,490,16490
,,16,JEFFERSON,500,16500
,,16,JOHNSON,510,16510
,,16,JONES,520,16520
,,16,KEOKUK,530,16530
,,16,KOSSUTH,540,16540
,,16,LEE,550,16550
,,16,LINN,560,16560
,,16,LOUISA,570,16570
,,16,LUCAS,580,16580
,,16,LYON,590,16590
,,16,MADISON,600,16600
,,16,MAHASKA,610,16610
,,16,MARION,620,16620
,,16,MARSHALL,630,16630
,,16,MILLS,640,16640
,,16,MITCHELL,650,16650
,,16,MONONA,660,16660
,,16,MONROE,670,16670
,,16,MONTGOMERY,680,16680
,,16,MUSCATINE,690,16690
,,16,OBRIEN,700,16700
,,16,OSCEOLA,710,16710
,,16,PAGE,720,16720
,,16,PALO ALTO,730,16730
,,16,PLYMOUTH,740,16740
,,16,POCAHONTAS,750,16750
,,16,POLK,760,16760
,,16,POTTAWATTAMIE,770,16770
,,16,POWESHIEK,780,16780
,,16,RINGGOLD,790,16790
,,16,SAC,800,16800
,,16,SCOTT,810,16810
,,16,SHELBY,820,16820
,,16,SIOUX,830,16830
,,16,STORY,840,16840
,,16,TAMA,850,16850
,,16,TAYLOR,860,16860
,,16,UNION,870,16870
,,16,VAN BUREN,880,16880
,,16,WAPELLO,890,16890
,,16,WARREN,900,16900
,,16,WASHINGTON,910,16910
,,16,WAYNE,920,16920
,,16,WEBSTER,930,16930
,,16,WINNEBAGO,940,16940
,,16,WINNESHIEK,950,16950
,,16,WOODBURY,960,16960
,,16,WORTH,970,16970
,,16,WRIGHT,980,16980
,,16,STATEWIDE,999,16999
,,17,ALLEN,0,17000
,,17,ANDERSON,10,17010
,,17,ATCHISON,20,17020
,,17,BARBER,30,17030
,,17,BARTON,40,17040
,,17,BOURBON,50,17050
,,17,BROWN,60,17060
,,17,BUTLER,70,17070
,,17,CHASE,80,17080
,,17,CHAUTAUQUA,90,17090
,,17,CHEROKEE,100,17100
,,17,CHEYENNE,110,17110
,,17,CLARK,120,17120
,,17,CLAY,130,17130
,,17,CLOUD,140,17140
,,17,COFFEY,150,17150
,,17,COMANCHE,160,17160
,,17,COWLEY,170,17170
,,17,CRAWFORD,180,17180
,,17,DECATUR,190,17190
,,17,DICKINSON,200,17200
,,17,DONIPHAN,210,17210
,,17,DOUGLAS,220,17220
,,17,EDWARDS,230,17230
,,17,ELK,240,17240
,,17,ELLIS,250,17250
,,17,ELLSWORTH,260,17260
,,17,FINNEY,270,17270
,,17,FORD,280,17280
,,17,FRANKLIN,290,17290
,,17,GEARY,300,17300
,,17,GOVE,310,17310
,,17,GRAHAM,320,17320
,,17,GRANT,330,17330
,,17,GRAY,340,17340
,,17,GREELEY,350,17350
,,17,GREENWOOD,360,17360
,,17,HAMILTON,370,17370
,,17,HARPER,380,17380
,,17,HARVEY,390,17390
,,17,HASKELL,391,17391
,,17,HODGEMAN,410,17410
,,17,JACKSON,420,17420
,,17,JEFFERSON,430,17430
,,17,JEWELL,440,17440
,,17,JOHNSON,450,17450
,,17,KEARNY,451,17451
,,17,KINGMAN,470,17470
,,17,KIOWA,480,17480
,,17,LABETTE,490,17490
,,17,LANE,500,17500
,,17,LEAVENWORTH,510,17510
,,17,LINCOLN,520,17520
,,17,LINN,530,17530
,,17,LOGAN,540,17540
,,17,LYON,550,17550
,,17,MCPHERSON,560,17560
,,17,MARION,570,17570
,,17,MARSHALL,580,17580
,,17,MEADE,590,17590
,,17,MIAMI,600,17600
,,17,MITCHELL,610,17610
,,17,MONTGOMERY,620,17620
,,17,MORRIS,630,17630
,,17,MORTON,640,17640
,,17,NEMAHA,650,17650
,,17,NEOSHO,660,17660
,,17,NESS,670,17670
,,17,NORTON,680,17680
,,17,OSAGE,690,17690
,,17,OSBORNE,700,17700
,,17,OTTAWA,710,17710
,,17,PAWNEE,720,17720
,,17,PHILLIPS,730,17730
,,17,POTTAWATOMIE,740,17740
,,17,PRATT,750,17750
,,17,RAWLINS,760,17760
,,17,RENO,770,17770
,,17,REPUBLIC,780,17780
,,17,RICE,790,17790
,,17,RILEY,800,17800
,,17,ROOKS,810,17810
,,17,RUSH,820,17820
,,17,RUSSELL,830,17830
,,17,SALINE,840,17840
,,17,SCOTT,841,17841
,,17,SEDGWICK,860,17860
,,17,SEWARD,870,17870
,,17,SHAWNEE,880,17880
,,17,SHERIDAN,890,17890
,,17,SHERMAN,900,17900
,,17,SMITH,910,17910
,,17,STAFFORD,920,17920
,,17,STANTON,921,17921
,,17,STEVENS,940,17940
,,17,SUMNER,950,17950
,,17,THOMAS,960,17960
,,17,TREGO,970,17970
,,17,WABAUNSEE,980,17980
,,17,WALLACE,981,17981
,,17,WASHINGTON,982,17982
,,17,WICHITA,983,17983
,,17,WILSON,984,17984
,,17,WOODSON,985,17985
,,17,WYANDOTTE,986,17986
,,17,STATEWIDE,999,17999
,,18,ADAIR,0,18000
,,18,ALLEN,10,18010
,,18,ANDERSON,20,18020
,,18,BALLARD,30,18030
,,18,BARREN,40,18040
,,18,BATH,50,18050
,,18,BELL,60,18060
,,18,BOONE,70,18070
,,18,BOURBON,80,18080
,,18,BOYD,90,18090
,,18,BOYLE,100,18100
,,18,BRACKEN,110,18110
,,18,BREATHITT,120,18120
,,18,BRECKINRIDGE,130,18130
,,18,BULLITT,140,18140
,,18,BUTLER,150,18150
,,18,CALDWELL,160,18160
,,18,CALLOWAY,170,18170
,,18,CAMPBELL,180,18180
,,18,CARLISLE,190,18190
,,18,CARROLL,191,18191
,,18,CARTER,210,18210
,,18,CASEY,220,18220
,,18,CHRISTIAN,230,18230
,,18,CLARK,240,18240
,,18,CLAY,250,18250
,,18,CLINTON,260,18260
,,18,CRITTENDEN,270,18270
,,18,CUMBERLAND,271,18271
,,18,DAVIESS,290,18290
,,18,EDMONSON,291,18291
,,18,ELLIOTT,310,18310
,,18,ESTILL,320,18320
,,18,FAYETTE,330,18330
,,18,FLEMING,340,18340
,,18,FLOYD,350,18350
,,18,FRANKLIN,360,18360
,,18,FULTON,361,18361
,,18,GALLATIN,362,18362
,,18,GARRARD,390,18390
,,18,GRANT,400,18400
,,18,GRAVES,410,18410
,,18,GRAYSON,420,18420
,,18,GREEN,421,18421
,,18,GREENUP,440,18440
,,18,HANCOCK,450,18450
,,18,HARDIN,460,18460
,,18,HARLAN,470,18470
,,18,HARRISON,480,18480
,,18,HART,490,18490
,,18,HENDERSON,500,18500
,,18,HENRY,510,18510
,,18,HICKMAN,511,18511
,,18,HOPKINS,530,18530
,,18,JACKSON,540,18540
,,18,JEFFERSON,550,18550
,,18,JESSAMINE,560,18560
,,18,JOHNSON,570,18570
,,18,KENTON,580,18580
,,18,KNOTT,590,18590
,,18,KNOX,600,18600
,,18,LARUE,610,18610
,,18,LAUREL,620,18620
,,18,LAWRENCE,630,18630
,,18,LEE,640,18640
,,18,LESLIE,650,18650
,,18,LETCHER,660,18660
,,18,LEWIS,670,18670
,,18,LINCOLN,680,18680
,,18,LIVINGSTON,690,18690
,,18,LOGAN,700,18700
,,18,LYON,710,18710
,,18,MC CRACKEN,720,18720
,,18,MC CREARY,730,18730
,,18,MC LEAN,740,18740
,,18,MADISON,750,18750
,,18,MAGOFFIN,760,18760
,,18,MARION,770,18770
,,18,MARSHALL,780,18780
,,18,MARTIN,790,18790
,,18,MASON,800,18800
,,18,MEADE,801,18801
,,18,MENIFEE,802,18802
,,18,MERCER,830,18830
,,18,METCALFE,831,18831
,,18,MONROE,850,18850
,,18,MONTGOMERY,860,18860
,,18,MORGAN,861,18861
,,18,MUHLENBERG,880,18880
,,18,NELSON,890,18890
,,18,NICHOLAS,900,18900
,,18,OHIO,910,18910
,,18,OLDHAM,920,18920
,,18,OWEN,930,18930
,,18,OWSLEY,931,18931
,,18,PENDLETON,932,18932
,,18,PERRY,960,18960
,,18,PIKE,970,18970
,,18,POWELL,971,18971
,,18,PULASKI,972,18972
,,18,ROBERTSON,973,18973
,,18,ROCKCASTLE,974,18974
,,18,ROWAN,975,18975
,,18,RUSSELL,976,18976
,,18,SCOTT,977,18977
,,18,SHELBY,978,18978
,,18,SIMPSON,979,18979
,,18,SPENCER,980,18980
,,18,TAYLOR,981,18981
,,18,TODD,982,18982
,,18,TRIGG,983,18983
,,18,TRIMBLE,984,18984
,,18,UNION,985,18985
,,18,WARREN,986,18986
,,18,WASHINGTON,987,18987
,,18,WAYNE,988,18988
,,18,WEBSTER,989,18989
,,18,WHITLEY,990,18990
,,18,WOLFE,991,18991
,,18,WOODFORD,992,18992
,,18,STATEWIDE,999,18999
,,19,ACADIA,0,19000
,,19,ALLEN,10,19010
,,19,ASCENSION,20,19020
,,19,ASSUMPTION,30,19030
,,19,AVOYELLES,40,19040
,,19,BEAUREGARD,50,19050
,,19,BIENVILLE,60,19060
,,19,BOSSIER,70,19070
,,19,CADDO,80,19080
,,19,CALCASIEU,90,19090
,,19,CALDWELL,100,19100
,,19,CAMERON,110,19110
,,19,CATAHOULA,120,19120
,,19,CLAIBORNE,130,19130
,,19,CONCORDIA,140,19140
,,19,DE SOTO,150,19150
,,19,E. BATON ROUGE,160,19160
,,19,EAST CARROLL,170,19170
,,19,EAST FELICIANA,180,19180
,,19,EVANGELINE,190,19190
,,19,FRANKLIN,200,19200
,,19,GRANT,210,19210
,,19,IBERIA,220,19220
,,19,IBERVILLE,230,19230
,,19,JACKSON,240,19240
,,19,JEFFERSON,250,19250
,,19,JEFFRSON DAVIS,260,19260
,,19,LAFAYETTE,270,19270
,,19,LAFOURCHE,280,19280
,,19,LA SALLE,290,19290
,,19,LINCOLN,300,19300
,,19,LIVINGSTON,310,19310
,,19,MADISON,320,19320
,,19,MOREHOUSE,330,19330
,,19,NATCHITOCHES,340,19340
,,19,ORLEANS,350,19350
,,19,OUACHITA,360,19360
,,19,PLAQUEMINES,370,19370
,,19,POINTE COUPEE,380,19380
,,19,RAPIDES,390,19390
,,19,RED RIVER,400,19400
,,19,RICHLAND,410,19410
,,19,SABINE,420,19420
,,19,ST. BERNARD,430,19430
,,19,ST. CHARLES,440,19440
,,19,ST. HELENA,450,19450
,,19,ST. JAMES,460,19460
,,19,ST. JOHN BAPTIST,470,19470
,,19,ST. LANDRY,480,19480
,,19,ST. MARTIN,490,19490
,,19,ST. MARY,500,19500
,,19,ST. TAMMANY,510,19510
,,19,TANGIPAHOA,520,19520
,,19,TENSAS,530,19530
,,19,TERREBONNE,540,19540
,,19,UNION,550,19550
,,19,VERMILION,560,19560
,,19,VERNON,570,19570
,,19,WASHINGTON,580,19580
,,19,WEBSTER,590,19590
,,19,W. BATON ROUGE,600,19600
,,19,WEST CARROLL,610,19610
,,19,WEST FELICIANA,620,19620
,,19,WINN,630,19630
,,19,STATEWIDE,999,19999
,,20,ANDROSCOGGIN,0,20000
,,20,AROOSTOOK,10,20010
,,20,CUMBERLAND,20,20020
,,20,FRANKLIN,30,20030
,,20,HANCOCK,40,20040
,,20,KENNEBEC,50,20050
,,20,KNOX,60,20060
,,20,LINCOLN,70,20070
,,20,OXFORD,80,20080
,,20,PENOBSCOT,90,20090
,,20,PISCATAQUIS,100,20100
,,20,SAGADAHOC,110,20110
,,20,SOMERSET,120,20120
,,20,WALDO,130,20130
,,20,WASHINGTON,140,20140
,,20,YORK,150,20150
,,20,STATEWIDE,999,20999
,,21,ALLEGANY,0,21000
,,21,ANNE ARUNDEL,10,21010
,,21,BALTIMORE,20,21020
,,21,CALVERT,40,21040
,,21,CAROLINE,50,21050
,,21,CARROLL,60,21060
,,21,CECIL,70,21070
,,21,CHARLES,80,21080
,,21,DORCHESTER,90,21090
,,21,FREDERICK,100,21100
,,21,GARRETT,110,21110
,,21,HARFORD,120,21120
,,21,HOWARD,130,21130
,,21,KENT,140,21140
,,21,MONTGOMERY,150,21150
,,21,PRINCE GEORGES,160,21160
,,21,QUEEN ANNES,170,21170
,,21,ST. MARYS,180,21180
,,21,SOMERSET,190,21190
,,21,TALBOT,200,21200
,,21,WASHINGTON,210,21210
,,21,WICOMICO,220,21220
,,21,WORCESTER,230,21230
,,21,BALTIMORE CITY,30,21030
,,21,STATEWIDE,999,21999
,,22,BARNSTABLE,0,22000
,,22,BERKSHIRE,10,22010
,,22,BRISTOL,20,22020
,,22,DUKES,30,22030
,,22,ESSEX,40,22040
,,22,FRANKLIN,60,22060
,,22,HAMPDEN,70,22070
,,22,HAMPSHIRE,80,22080
,,22,MIDDLESEX,90,22090
,,22,NANTUCKET,120,22120
,,22,NORFOLK,130,22130
,,22,PLYMOUTH,150,22150
,,22,SUFFOLK,160,22160
,,22,WORCESTER,170,22170
,,22,STATEWIDE,999,22999
,,23,ALCONA,0,23000
,,23,ALGER,10,23010
,,23,ALLEGAN,20,23020
,,23,ALPENA,30,23030
,,23,ANTRIM,40,23040
,,23,ARENAC,50,23050
,,23,BARAGA,60,23060
,,23,BARRY,70,23070
,,23,BAY,80,23080
,,23,BENZIE,90,23090
,,23,BERRIEN,100,23100
,,23,BRANCH,110,23110
,,23,CALHOUN,120,23120
,,23,CASS,130,23130
,,23,CHARLEVOIX,140,23140
,,23,CHEBOYGAN,150,23150
,,23,CHIPPEWA,160,23160
,,23,CLARE,170,23170
,,23,CLINTON,180,23180
,,23,CRAWFORD,190,23190
,,23,DELTA,200,23200
,,23,DICKINSON,210,23210
,,23,EATON,220,23220
,,23,EMMET,230,23230
,,23,GENESEE,240,23240
,,23,GLADWIN,250,23250
,,23,GOGEBIC,260,23260
,,23,GRAND TRAVERSE,270,23270
,,23,GRATIOT,280,23280
,,23,HILLSDALE,290,23290
,,23,HOUGHTON,300,23300
,,23,HURON,310,23310
,,23,INGHAM,320,23320
,,23,IONIA,330,23330
,,23,IOSCO,340,23340
,,23,IRON,350,23350
,,23,ISABELLA,360,23360
,,23,JACKSON,370,23370
,,23,KALAMAZOO,380,23380
,,23,KALKASKA,390,23390
,,23,KENT,400,23400
,,23,KEWEENAW,410,23410
,,23,LAKE,420,23420
,,23,LAPEER,430,23430
,,23,LEELANAU,440,23440
,,23,LENAWEE,450,23450
,,23,LIVINGSTON,460,23460
,,23,LUCE,470,23470
,,23,MACKINAC,480,23480
,,23,MACOMB,490,23490
,,23,MANISTEE,500,23500
,,23,MARQUETTE,510,23510
,,23,MASON,520,23520
,,23,MECOSTA,530,23530
,,23,MENOMINEE,540,23540
,,23,MIDLAND,550,23550
,,23,MISSAUKEE,560,23560
,,23,MONROE,570,23570
,,23,MONTCALM,580,23580
,,23,MONTMORENCY,590,23590
,,23,MUSKEGON,600,23600
,,23,NEWAYGO,610,23610
,,23,OAKLAND,620,23620
,,23,OCEANA,630,23630
,,23,OGEMAW,640,23640
,,23,ONTONAGON,650,23650
,,23,OSCEOLA,660,23660
,,23,OSCODA,670,23670
,,23,OTSEGO,680,23680
,,23,OTTAWA,690,23690
,,23,PRESQUE ISLE,700,23700
,,23,ROSCOMMON,710,23710
,,23,SAGINAW,720,23720
,,23,ST. CLAIR,730,23730
,,23,ST. JOSEPH,740,23740
,,23,SANILAC,750,23750
,,23,SCHOOLCRAFT,760,23760
,,23,SHIAWASSEE,770,23770
,,23,TUSCOLA,780,23780
,,23,VAN BUREN,790,23790
,,23,WASHTENAW,800,23800
,,23,WAYNE,810,23810
,,23,WEXFORD,830,23830
,,23,STATEWIDE,999,23999
,,24,AITKIN,0,24000
,,24,ANOKA,10,24010
,,24,BECKER,20,24020
,,24,BELTRAMI,30,24030
,,24,BENTON,40,24040
,,24,BIG STONE,50,24050
,,24,BLUE EARTH,60,24060
,,24,BROWN,70,24070
,,24,CARLTON,80,24080
,,24,CARVER,90,24090
,,24,CASS,100,24100
,,24,CHIPPEWA,110,24110
,,24,CHISAGO,120,24120
,,24,CLAY,130,24130
,,24,CLEARWATER,140,24140
,,24,COOK,150,24150
,,24,COTTONWOOD,160,24160
,,24,CROW WING,170,24170
,,24,DAKOTA,180,24180
,,24,DODGE,190,24190
,,24,DOUGLAS,200,24200
,,24,FARIBAULT,210,24210
,,24,FILLMORE,220,24220
,,24,FREEBORN,230,24230
,,24,GOODHUE,240,24240
,,24,GRANT,250,24250
,,24,HENNEPIN,260,24260
,,24,HOUSTON,270,24270
,,24,HUBBARD,280,24280
,,24,ISANTI,290,24290
,,24,ITASCA,300,24300
,,24,JACKSON,310,24310
,,24,KANABEC,320,24320
,,24,KANDIYOHI,330,24330
,,24,KITTSON,340,24340
,,24,KOOCHICHING,350,24350
,,24,LAC QUI PARLE,360,24360
,,24,LAKE,370,24370
,,24,LAKE OF  WOODS,380,24380
,,24,LE SUEUR,390,24390
,,24,LINCOLN,400,24400
,,24,LYON,410,24410
,,24,MC LEOD,420,24420
,,24,MAHNOMEN,430,24430
,,24,MARSHALL,440,24440
,,24,MARTIN,450,24450
,,24,MEEKER,460,24460
,,24,MILLE LACS,470,24470
,,24,MORRISON,480,24480
,,24,MOWER,490,24490
,,24,MURRAY,500,24500
,,24,NICOLLET,510,24510
,,24,NOBLES,520,24520
,,24,NORMAN,530,24530
,,24,OLMSTED,540,24540
,,24,OTTER TAIL,550,24550
,,24,PENNINGTON,560,24560
,,24,PINE,570,24570
,,24,PIPESTONE,580,24580
,,24,POLK,590,24590
,,24,POPE,600,24600
,,24,RAMSEY,610,24610
,,24,RED LAKE,620,24620
,,24,REDWOOD,630,24630
,,24,RENVILLE,640,24640
,,24,RICE,650,24650
,,24,ROCK,660,24660
,,24,ROSEAU,670,24670
,,24,ST. LOUIS,680,24680
,,24,SCOTT,690,24690
,,24,SHERBURNE,700,24700
,,24,SIBLEY,710,24710
,,24,STEARNS,720,24720
,,24,STEELE,730,24730
,,24,STEVENS,740,24740
,,24,SWIFT,750,24750
,,24,TODD,760,24760
,,24,TRAVERSE,770,24770
,,24,WABASHA,780,24780
,,24,WADENA,790,24790
,,24,WASECA,800,24800
,,24,WASHINGTON,810,24810
,,24,WATONWAN,820,24820
,,24,WILKIN,830,24830
,,24,WINONA,840,24840
,,24,WRIGHT,850,24850
,,24,YELLOW MEDCINE,860,24860
,,24,STATEWIDE,999,24999
,,25,ADAMS,0,25000
,,25,ALCORN,10,25010
,,25,AMITE,20,25020
,,25,ATTALA,30,25030
,,25,BENTON,40,25040
,,25,BOLIVAR,50,25050
,,25,CALHOUN,60,25060
,,25,CARROLL,70,25070
,,25,CHICKASAW,80,25080
,,25,CHOCTAW,90,25090
,,25,CLAIBORNE,100,25100
,,25,CLARKE,110,25110
,,25,CLAY,120,25120
,,25,COAHOMA,130,25130
,,25,COPIAH,140,25140
,,25,COVINGTON,150,25150
,,25,DE SOTO,160,25160
,,25,FORREST,170,25170
,,25,FRANKLIN,180,25180
,,25,GEORGE,190,25190
,,25,GREENE,200,25200
,,25,GRENADA,210,25210
,,25,HANCOCK,220,25220
,,25,HARRISON,230,25230
,,25,HINDS,240,25240
,,25,HOLMES,250,25250
,,25,HUMPHREYS,260,25260
,,25,ISSAQUENA,270,25270
,,25,ITAWAMBA,280,25280
,,25,JACKSON,290,25290
,,25,JASPER,300,25300
,,25,JEFFERSON,310,25310
,,25,JEFFERSON DAVIS,320,25320
,,25,JONES,330,25330
,,25,KEMPER,340,25340
,,25,LAFAYETTE,350,25350
,,25,LAMAR,360,25360
,,25,LAUDERDALE,370,25370
,,25,LAWRENCE,380,25380
,,25,LEAKE,390,25390
,,25,LEE,400,25400
,,25,LEFLORE,410,25410
,,25,LINCOLN,420,25420
,,25,LOWNDES,430,25430
,,25,MADISON,440,25440
,,25,MARION,450,25450
,,25,MARSHALL,460,25460
,,25,MONROE,470,25470
,,25,MONTGOMERY,480,25480
,,25,NESHOBA,490,25490
,,25,NEWTON,500,25500
,,25,NOXUBEE,510,25510
,,25,OKTIBBEHA,520,25520
,,25,PANOLA,530,25530
,,25,PEARL RIVER,540,25540
,,25,PERRY,550,25550
,,25,PIKE,560,25560
,,25,PONTOTOC,570,25570
,,25,PRENTISS,580,25580
,,25,QUITMAN,590,25590
,,25,RANKIN,600,25600
,,25,SCOTT,610,25610
,,25,SHARKEY,620,25620
,,25,SIMPSON,630,25630
,,25,SMITH,640,25640
,,25,STONE,650,25650
,,25,SUNFLOWER,660,25660
,,25,TALLAHATCHIE,670,25670
,,25,TATE,680,25680
,,25,TIPPAH,690,25690
,,25,TISHOMINGO,700,25700
,,25,TUNICA,710,25710
,,25,UNION,720,25720
,,25,WALTHALL,730,25730
,,25,WARREN,740,25740
,,25,WASHINGTON,750,25750
,,25,WAYNE,760,25760
,,25,WEBSTER,770,25770
,,25,WILKINSON,780,25780
,,25,WINSTON,790,25790
,,25,YALOBUSHA,800,25800
,,25,YAZOO,810,25810
,,25,STATEWIDE,999,25999
,,26,ADAIR,0,26000
,,26,ANDREW,10,26010
,,26,ATCHISON,20,26020
,,26,AUDRAIN,30,26030
,,26,BARRY,40,26040
,,26,BARTON,50,26050
,,26,BATES,60,26060
,,26,BENTON,70,26070
,,26,BOLLINGER,80,26080
,,26,BOONE,90,26090
,,26,BUCHANAN,100,26100
,,26,BUTLER,110,26110
,,26,CALDWELL,120,26120
,,26,CALLAWAY,130,26130
,,26,CAMDEN,140,26140
,,26,CAPE GIRARDEAU,150,26150
,,26,CARROLL,160,26160
,,26,CARTER,170,26170
,,26,CASS,180,26180
,,26,CEDAR,190,26190
,,26,CHARITON,200,26200
,,26,CHRISTIAN,210,26210
,,26,CLARK,220,26220
,,26,CLAY,230,26230
,,26,CLINTON,240,26240
,,26,COLE,250,26250
,,26,COOPER,260,26260
,,26,CRAWFORD,270,26270
,,26,DADE,280,26280
,,26,DALLAS,290,26290
,,26,DAVIESS,300,26300
,,26,DE KALB,310,26310
,,26,DENT,320,26320
,,26,DOUGLAS,330,26330
,,26,DUNKLIN,340,26340
,,26,FRANKLIN,350,26350
,,26,GASCONADE,360,26360
,,26,GENTRY,370,26370
,,26,GREENE,380,26380
,,26,GRUNDY,390,26390
,,26,HARRISON,400,26400
,,26,HENRY,410,26410
,,26,HICKORY,411,26411
,,26,HOLT,412,26412
,,26,HOWARD,440,26440
,,26,HOWELL,450,26450
,,26,IRON,460,26460
,,26,JACKSON,470,26470
,,26,JASPER,480,26480
,,26,JEFFERSON,490,26490
,,26,JOHNSON,500,26500
,,26,KNOX,510,26510
,,26,LACLEDE,520,26520
,,26,LAFAYETTE,530,26530
,,26,LAWRENCE,540,26540
,,26,LEWIS,541,26541
,,26,LINCOLN,560,26560
,,26,LINN,570,26570
,,26,LIVINGSTON,580,26580
,,26,MC DONALD,590,26590
,,26,MACON,600,26600
,,26,MADISON,601,26601
,,26,MARIES,620,26620
,,26,MARION,630,26630
,,26,MERCER,631,26631
,,26,MILLER,650,26650
,,26,MISSISSIPPI,660,26660
,,26,MONITEAU,670,26670
,,26,MONROE,680,26680
,,26,MONTGOMERY,690,26690
,,26,MORGAN,700,26700
,,26,NEW MADRID,710,26710
,,26,NEWTON,720,26720
,,26,NODAWAY,730,26730
,,26,OREGON,740,26740
,,26,OSAGE,750,26750
,,26,OZARK,751,26751
,,26,PEMISCOT,770,26770
,,26,PERRY,780,26780
,,26,PETTIS,790,26790
,,26,PHELPS,800,26800
,,26,PIKE,810,26810
,,26,PLATTE,820,26820
,,26,POLK,821,26821
,,26,PULASKI,840,26840
,,26,PUTNAM,850,26850
,,26,RALLS,860,26860
,,26,RANDOLPH,870,26870
,,26,RAY,880,26880
,,26,REYNOLDS,881,26881
,,26,RIPLEY,900,26900
,,26,ST. CHARLES,910,26910
,,26,ST. CLAIR,911,26911
,,26,STE. GENEVIEVE,960,26960
,,26,ST. FRANCOIS,930,26930
,,26,ST. LOUIS,940,26940
,,26,SALINE,970,26970
,,26,SCHUYLER,980,26980
,,26,SCOTLAND,981,26981
,,26,SCOTT,982,26982
,,26,SHANNON,983,26983
,,26,SHELBY,984,26984
,,26,STODDARD,985,26985
,,26,STONE,986,26986
,,26,SULLIVAN,987,26987
,,26,TANEY,988,26988
,,26,TEXAS,989,26989
,,26,VERNON,990,26990
,,26,WARREN,991,26991
,,26,WASHINGTON,992,26992
,,26,WAYNE,993,26993
,,26,WEBSTER,994,26994
,,26,WORTH,995,26995
,,26,WRIGHT,996,26996
,,26,ST. LOUIS CITY,950,26950
,,26,STATEWIDE,999,26999
,,27,BEAVERHEAD,0,27000
,,27,BIG HORN,10,27010
,,27,BLAINE,20,27020
,,27,BROADWATER,30,27030
,,27,CARBON,40,27040
,,27,CARTER,50,27050
,,27,CASCADE,60,27060
,,27,CHOUTEAU,70,27070
,,27,CUSTER,80,27080
,,27,DANIELS,90,27090
,,27,DAWSON,100,27100
,,27,DEER LODGE,110,27110
,,27,FALLON,120,27120
,,27,FERGUS,130,27130
,,27,FLATHEAD,140,27140
,,27,GALLATIN,150,27150
,,27,GARFIELD,160,27160
,,27,GLACIER,170,27170
,,27,GOLDEN VALLEY,180,27180
,,27,GRANITE,190,27190
,,27,HILL,200,27200
,,27,JEFFERSON,210,27210
,,27,JUDITH BASIN,220,27220
,,27,LAKE,230,27230
,,27,LEWIS AND CLARK,240,27240
,,27,LIBERTY,250,27250
,,27,LINCOLN,260,27260
,,27,MCCONE,270,27270
,,27,MADISON,280,27280
,,27,MEAGHER,290,27290
,,27,MINERAL,300,27300
,,27,MISSOULA,310,27310
,,27,MUSSELSHELL,320,27320
,,27,PARK,330,27330
,,27,PETROLEUM,340,27340
,,27,PHILLIPS,350,27350
,,27,PONDERA,360,27360
,,27,POWDER RIVER,370,27370
,,27,POWELL,380,27380
,,27,PRAIRIE,390,27390
,,27,RAVALLI,400,27400
,,27,RICHLAND,410,27410
,,27,ROOSEVELT,420,27420
,,27,ROSEBUD,430,27430
,,27,SANDERS,440,27440
,,27,SHERIDAN,450,27450
,,27,SILVER BOW,460,27460
,,27,STILLWATER,470,27470
,,27,SWEET GRASS,480,27480
,,27,TETON,490,27490
,,27,TOOLE,500,27500
,,27,TREASURE,510,27510
,,27,VALLEY,520,27520
,,27,WHEATLAND,530,27530
,,27,WIBAUX,540,27540
,,27,YELLOWSTONE,550,27550
,,27,YELLOWSTONE NATL PARK,113,27113
,,27,STATEWIDE,999,27999
,,28,ADAMS,0,28000
,,28,ANTELOPE,10,28010
,,28,ARTHUR,20,28020
,,28,BANNER,30,28030
,,28,BLAINE,40,28040
,,28,BOONE,50,28050
,,28,BOX BUTTE,60,28060
,,28,BOYD,70,28070
,,28,BROWN,80,28080
,,28,BUFFALO,90,28090
,,28,BURT,100,28100
,,28,BUTLER,110,28110
,,28,CASS,120,28120
,,28,CEDAR,130,28130
,,28,CHASE,140,28140
,,28,CHERRY,150,28150
,,28,CHEYENNE,160,28160
,,28,CLAY,170,28170
,,28,COLFAX,180,28180
,,28,CUMING,190,28190
,,28,CUSTER,200,28200
,,28,DAKOTA,210,28210
,,28,DAWES,220,28220
,,28,DAWSON,230,28230
,,28,DEUEL,240,28240
,,28,DIXON,250,28250
,,28,DODGE,260,28260
,,28,DOUGLAS,270,28270
,,28,DUNDY,280,28280
,,28,FILLMORE,290,28290
,,28,FRANKLIN,300,28300
,,28,FRONTIER,310,28310
,,28,FURNAS,320,28320
,,28,GAGE,330,28330
,,28,GARDEN,340,28340
,,28,GARFIELD,350,28350
,,28,GOSPER,360,28360
,,28,GRANT,370,28370
,,28,GREELEY,380,28380
,,28,HALL,390,28390
,,28,HAMILTON,400,28400
,,28,HARLAN,410,28410
,,28,HAYES,420,28420
,,28,HITCHCOCK,430,28430
,,28,HOLT,440,28440
,,28,HOOKER,450,28450
,,28,HOWARD,460,28460
,,28,JEFFERSON,470,28470
,,28,JOHNSON,480,28480
,,28,KEARNEY,490,28490
,,28,KEITH,500,28500
,,28,KEYA PAHA,510,28510
,,28,KIMBALL,520,28520
,,28,KNOX,530,28530
,,28,LANCASTER,540,28540
,,28,LINCOLN,550,28550
,,28,LOGAN,560,28560
,,28,LOUP,570,28570
,,28,MC PHERSON,580,28580
,,28,MADISON,590,28590
,,28,MERRICK,600,28600
,,28,MORRILL,610,28610
,,28,NANCE,620,28620
,,28,NEMAHA,630,28630
,,28,NUCKOLLS,640,28640
,,28,OTOE,650,28650
,,28,PAWNEE,660,28660
,,28,PERKINS,670,28670
,,28,PHELPS,680,28680
,,28,PIERCE,690,28690
,,28,PLATTE,700,28700
,,28,POLK,710,28710
,,28,RED WILLOW,720,28720
,,28,RICHARDSON,730,28730
,,28,ROCK,740,28740
,,28,SALINE,750,28750
,,28,SARPY,760,28760
,,28,SAUNDERS,770,28770
,,28,SCOTT BLUFF,780,28780
,,28,SEWARD,790,28790
,,28,SHERIDAN,800,28800
,,28,SHERMAN,810,28810
,,28,SIOUX,820,28820
,,28,STANTON,830,28830
,,28,THAYER,840,28840
,,28,THOMAS,850,28850
,,28,THURSTON,860,28860
,,28,VALLEY,870,28870
,,28,WASHINGTON,880,28880
,,28,WAYNE,890,28890
,,28,WEBSTER,900,28900
,,28,WHEELER,910,28910
,,28,YORK,920,28920
,,28,STATEWIDE,999,28999
,,29,CHURCHILL,0,29000
,,29,CLARK,10,29010
,,29,DOUGLAS,20,29020
,,29,ELKO,30,29030
,,29,ESMERALDA,40,29040
,,29,EUREKA,50,29050
,,29,HUMBOLDT,60,29060
,,29,LANDER,70,29070
,,29,LINCOLN,80,29080
,,29,LYON,90,29090
,,29,MINERAL,100,29100
,,29,NYE,110,29110
,,29,PERSHING,130,29130
,,29,STOREY,140,29140
,,29,WASHOE,150,29150
,,29,WHITE PINE,160,29160
,,29,CARSON CITY,120,29120
,,29,STATEWIDE,999,29999
,,30,BELKNAP,0,30000
,,30,CARROLL,10,30010
,,30,CHESHIRE,20,30020
,,30,COOS,30,30030
,,30,GRAFTON,40,30040
,,30,HILLSBOROUGH,50,30050
,,30,MERRIMACK,60,30060
,,30,ROCKINGHAM,70,30070
,,30,STRAFFORD,80,30080
,,30,SULLIVAN,90,30090
,,30,STATEWIDE,999,30999
,,31,ATLANTIC,0,31000
,,31,BERGEN,100,31100
,,31,BURLINGTON,150,31150
,,31,CAMDEN,160,31160
,,31,CAPE MAY,180,31180
,,31,CUMBERLAND,190,31190
,,31,ESSEX,200,31200
,,31,GLOUCESTER,220,31220
,,31,HUDSON,230,31230
,,31,HUNTERDON,250,31250
,,31,MERCER,260,31260
,,31,MIDDLESEX,270,31270
,,31,MONMOUTH,290,31290
,,31,MORRIS,300,31300
,,31,OCEAN,310,31310
,,31,PASSAIC,320,31320
,,31,SALEM,340,31340
,,31,SOMERSET,350,31350
,,31,SUSSEX,360,31360
,,31,UNION,370,31370
,,31,WARREN,390,31390
,,31,STATEWIDE,999,31999
,,32,BERNALILLO,0,32000
,,32,CATRON,10,32010
,,32,CHAVES,20,32020
,,32,CIBOLA,25,32025
,,32,COLFAX,30,32030
,,32,CURRY,40,32040
,,32,DE BACA,50,32050
,,32,DONA ANA,60,32060
,,32,EDDY,70,32070
,,32,GRANT,80,32080
,,32,GUADALUPE,90,32090
,,32,HARDING,100,32100
,,32,HIDALGO,110,32110
,,32,LEA,120,32120
,,32,LINCOLN,130,32130
,,32,LOS ALAMOS,131,32131
,,32,LUNA,140,32140
,,32,MCKINLEY,150,32150
,,32,MORA,160,32160
,,32,OTERO,170,32170
,,32,QUAY,180,32180
,,32,RIO ARRIBA,190,32190
,,32,ROOSEVELT,200,32200
,,32,SANDOVAL,210,32210
,,32,SAN JUAN,220,32220
,,32,SAN MIGUEL,230,32230
,,32,SANTA FE,240,32240
,,32,SIERRA,250,32250
,,32,SOCORRO,260,32260
,,32,TAOS,270,32270
,,32,TORRANCE,280,32280
,,32,UNION,290,32290
,,32,VALENCIA,300,32300
,,32,STATEWIDE,999,32999
,,33,ALBANY,0,33000
,,33,ALLEGANY,10,33010
,,33,BRONX,20,33020
,,33,BROOME,30,33030
,,33,CATTARAUGUS,40,33040
,,33,CAYUGA,50,33050
,,33,CHAUTAUQUA,60,33060
,,33,CHEMUNG,70,33070
,,33,CHENANGO,80,33080
,,33,CLINTON,90,33090
,,33,COLUMBIA,200,33200
,,33,CORTLAND,210,33210
,,33,DELAWARE,220,33220
,,33,DUTCHESS,230,33230
,,33,ERIE,240,33240
,,33,ESSEX,260,33260
,,33,FRANKLIN,270,33270
,,33,FULTON,280,33280
,,33,GENESEE,290,33290
,,33,GREENE,300,33300
,,33,HAMILTON,310,33310
,,33,HERKIMER,320,33320
,,33,JEFFERSON,330,33330
,,33,KINGS,331,33331
,,33,LEWIS,340,33340
,,33,LIVINGSTON,350,33350
,,33,MADISON,360,33360
,,33,MONROE,370,33370
,,33,MONTGOMERY,380,33380
,,33,NASSAU,400,33400
,,33,NEW YORK,420,33420
,,33,NIAGARA,500,33500
,,33,ONEIDA,510,33510
,,33,ONONDAGA,520,33520
,,33,ONTARIO,530,33530
,,33,ORANGE,540,33540
,,33,ORLEANS,550,33550
,,33,OSWEGO,560,33560
,,33,OTSEGO,570,33570
,,33,PUTNAM,580,33580
,,33,QUEENS,590,33590
,,33,RENSSELAER,600,33600
,,33,RICHMOND,610,33610
,,33,ROCKLAND,620,33620
,,33,ST. LAWRENCE,630,33630
,,33,SARATOGA,640,33640
,,33,SCHENECTADY,650,33650
,,33,SCHOHARIE,660,33660
,,33,SCHUYLER,670,33670
,,33,SENECA,680,33680
,,33,STEUBEN,690,33690
,,33,SUFFOLK,700,33700
,,33,SULLIVAN,710,33710
,,33,TIOGA,720,33720
,,33,TOMPKINS,730,33730
,,33,ULSTER,740,33740
,,33,WARREN,750,33750
,,33,WASHINGTON,760,33760
,,33,WAYNE,770,33770
,,33,WESTCHESTER,800,33800
,,33,WYOMING,900,33900
,,33,YATES,910,33910
,,33,STATEWIDE,999,33999
,,34,ALAMANCE,0,34000
,,34,ALEXANDER,10,34010
,,34,ALLEGHANY,20,34020
,,34,ANSON,30,34030
,,34,ASHE,40,34040
,,34,AVERY,50,34050
,,34,BEAUFORT,60,34060
,,34,BERTIE,70,34070
,,34,BLADEN,80,34080
,,34,BRUNSWICK,90,34090
,,34,BUNCOMBE,100,34100
,,34,BURKE,110,34110
,,34,CABARRUS,120,34120
,,34,CALDWELL,130,34130
,,34,CAMDEN,140,34140
,,34,CARTERET,150,34150
,,34,CASWELL,160,34160
,,34,CATAWBA,170,34170
,,34,CHATHAM,180,34180
,,34,CHEROKEE,190,34190
,,34,CHOWAN,200,34200
,,34,CLAY,210,34210
,,34,CLEVELAND,220,34220
,,34,COLUMBUS,230,34230
,,34,CRAVEN,240,34240
,,34,CUMBERLAND,250,34250
,,34,CURRITUCK,251,34251
,,34,DARE,270,34270
,,34,DAVIDSON,280,34280
,,34,DAVIE,290,34290
,,34,DUPLIN,300,34300
,,34,DURHAM,310,34310
,,34,EDGECOMBE,320,34320
,,34,FORSYTH,330,34330
,,34,FRANKLIN,340,34340
,,34,GASTON,350,34350
,,34,GATES,360,34360
,,34,GRAHAM,370,34370
,,34,GRANVILLE,380,34380
,,34,GREENE,390,34390
,,34,GUILFORD,400,34400
,,34,HALIFAX,410,34410
,,34,HARNETT,420,34420
,,34,HAYWOOD,430,34430
,,34,HENDERSON,440,34440
,,34,HERTFORD,450,34450
,,34,HOKE,460,34460
,,34,HYDE,470,34470
,,34,IREDELL,480,34480
,,34,JACKSON,490,34490
,,34,JOHNSTON,500,34500
,,34,JONES,510,34510
,,34,LEE,520,34520
,,34,LENOIR,530,34530
,,34,LINCOLN,540,34540
,,34,MC DOWELL,550,34550
,,34,MACON,560,34560
,,34,MADISON,570,34570
,,34,MARTIN,580,34580
,,34,MECKLENBURG,590,34590
,,34,MITCHELL,600,34600
,,34,MONTGOMERY,610,34610
,,34,MOORE,620,34620
,,34,NASH,630,34630
,,34,NEW HANOVER,640,34640
,,34,NORTHAMPTON,650,34650
,,34,ONSLOW,660,34660
,,34,ORANGE,670,34670
,,34,PAMLICO,680,34680
,,34,PASQUOTANK,690,34690
,,34,PENDER,700,34700
,,34,PERQUIMANS,710,34710
,,34,PERSON,720,34720
,,34,PITT,730,34730
,,34,POLK,740,34740
,,34,RANDOLPH,750,34750
,,34,RICHMOND,760,34760
,,34,ROBESON,770,34770
,,34,ROCKINGHAM,780,34780
,,34,ROWAN,790,34790
,,34,RUTHERFORD,800,34800
,,34,SAMPSON,810,34810
,,34,SCOTLAND,820,34820
,,34,STANLY,830,34830
,,34,STOKES,840,34840
,,34,SURRY,850,34850
,,34,SWAIN,860,34860
,,34,TRANSYLVANIA,870,34870
,,34,TYRRELL,880,34880
,,34,UNION,890,34890
,,34,VANCE,900,34900
,,34,WAKE,910,34910
,,34,WARREN,920,34920
,,34,WASHINGTON,930,34930
,,34,WATAUGA,940,34940
,,34,WAYNE,950,34950
,,34,WILKES,960,34960
,,34,WILSON,970,34970
,,34,YADKIN,980,34980
,,34,YANCEY,981,34981
,,34,STATEWIDE,999,34999
,,35,ADAMS,0,35000
,,35,BARNES,10,35010
,,35,BENSON,20,35020
,,35,BILLINGS,30,35030
,,35,BOTTINEAU,40,35040
,,35,BOWMAN,50,35050
,,35,BURKE,60,35060
,,35,BURLEIGH,70,35070
,,35,CASS,80,35080
,,35,CAVALIER,90,35090
,,35,DICKEY,100,35100
,,35,DIVIDE,110,35110
,,35,DUNN,120,35120
,,35,EDDY,130,35130
,,35,EMMONS,140,35140
,,35,FOSTER,150,35150
,,35,GOLDEN VALLEY,160,35160
,,35,GRAND FORKS,170,35170
,,35,GRANT,180,35180
,,35,GRIGGS,190,35190
,,35,HETTINGER,200,35200
,,35,KIDDER,210,35210
,,35,LA MOURE,220,35220
,,35,LOGAN,230,35230
,,35,MCHENRY,240,35240
,,35,MCINTOSH,250,35250
,,35,MCKENZIE,260,35260
,,35,MCLEAN,270,35270
,,35,MERCER,280,35280
,,35,MORTON,290,35290
,,35,MOUNTRAIL,300,35300
,,35,NELSON,310,35310
,,35,OLIVER,320,35320
,,35,PEMBINA,330,35330
,,35,PIERCE,340,35340
,,35,RAMSEY,350,35350
,,35,RANSOM,360,35360
,,35,RENVILLE,370,35370
,,35,RICHLAND,380,35380
,,35,ROLETTE,390,35390
,,35,SARGENT,400,35400
,,35,SHERIDAN,410,35410
,,35,SIOUX,420,35420
,,35,SLOPE,430,35430
,,35,STARK,440,35440
,,35,STEELE,450,35450
,,35,STUTSMAN,460,35460
,,35,TOWNER,470,35470
,,35,TRAILL,480,35480
,,35,WALSH,490,35490
,,35,WARD,500,35500
,,35,WELLS,510,35510
,,35,WILLIAMS,520,35520
,,35,STATEWIDE,999,35999
,,36,ADAMS,0,36000
,,36,ALLEN,10,36010
,,36,ASHLAND,20,36020
,,36,ASHTABULA,30,36030
,,36,ATHENS,40,36040
,,36,AUGLAIZE,50,36050
,,36,BELMONT,60,36060
,,36,BROWN,70,36070
,,36,BUTLER,80,36080
,,36,CARROLL,90,36090
,,36,CHAMPAIGN,100,36100
,,36,CLARK,110,36110
,,36,CLERMONT,120,36120
,,36,CLINTON,130,36130
,,36,COLUMBIANA,140,36140
,,36,COSHOCTON,150,36150
,,36,CRAWFORD,160,36160
,,36,CUYAHOGA,170,36170
,,36,DARKE,190,36190
,,36,DEFIANCE,200,36200
,,36,DELAWARE,210,36210
,,36,ERIE,220,36220
,,36,FAIRFIELD,230,36230
,,36,FAYETTE,240,36240
,,36,FRANKLIN,250,36250
,,36,FULTON,260,36260
,,36,GALLIA,270,36270
,,36,GEAUGA,280,36280
,,36,GREENE,290,36290
,,36,GUERNSEY,300,36300
,,36,HAMILTON,310,36310
,,36,HANCOCK,330,36330
,,36,HARDIN,340,36340
,,36,HARRISON,350,36350
,,36,HENRY,360,36360
,,36,HIGHLAND,370,36370
,,36,HOCKING,380,36380
,,36,HOLMES,390,36390
,,36,HURON,400,36400
,,36,JACKSON,410,36410
,,36,JEFFERSON,420,36420
,,36,KNOX,430,36430
,,36,LAKE,440,36440
,,36,LAWRENCE,450,36450
,,36,LICKING,460,36460
,,36,LOGAN,470,36470
,,36,LORAIN,480,36480
,,36,LUCAS,490,36490
,,36,MADISON,500,36500
,,36,MAHONING,510,36510
,,36,MARION,520,36520
,,36,MEDINA,530,36530
,,36,MEIGS,540,36540
,,36,MERCER,550,36550
,,36,MIAMI,560,36560
,,36,MONROE,570,36570
,,36,MONTGOMERY,580,36580
,,36,MORGAN,590,36590
,,36,MORROW,600,36600
,,36,MUSKINGUM,610,36610
,,36,NOBLE,620,36620
,,36,OTTAWA,630,36630
,,36,PAULDING,640,36640
,,36,PERRY,650,36650
,,36,PICKAWAY,660,36660
,,36,PIKE,670,36670
,,36,PORTAGE,680,36680
,,36,PREBLE,690,36690
,,36,PUTNAM,700,36700
,,36,RICHLAND,710,36710
,,36,ROSS,720,36720
,,36,SANDUSKY,730,36730
,,36,SCIOTO,740,36740
,,36,SENECA,750,36750
,,36,SHELBY,760,36760
,,36,STARK,770,36770
,,36,SUMMIT,780,36780
,,36,TRUMBULL,790,36790
,,36,TUSCARAWAS,800,36800
,,36,UNION,810,36810
,,36,VAN WERT,820,36820
,,36,VINTON,830,36830
,,36,WARREN,840,36840
,,36,WASHINGTON,850,36850
,,36,WAYNE,860,36860
,,36,WILLIAMS,870,36870
,,36,WOOD,880,36880
,,36,WYANDOT,890,36890
,,36,STATEWIDE,999,36999
,,37,ADAIR,0,37000
,,37,ALFALFA,10,37010
,,37,ATOKA,20,37020
,,37,BEAVER,30,37030
,,37,BECKHAM,40,37040
,,37,BLAINE,50,37050
,,37,BRYAN,60,37060
,,37,CADDO,70,37070
,,37,CANADIAN,80,37080
,,37,CARTER,90,37090
,,37,CHEROKEE,100,37100
,,37,CHOCTAW,110,37110
,,37,CIMARRON,120,37120
,,37,CLEVELAND,130,37130
,,37,COAL,140,37140
,,37,COMANCHE,150,37150
,,37,COTTON,160,37160
,,37,CRAIG,170,37170
,,37,CREEK,180,37180
,,37,CUSTER,190,37190
,,37,DELAWARE,200,37200
,,37,DEWEY,210,37210
,,37,ELLIS,220,37220
,,37,GARFIELD,230,37230
,,37,GARVIN,240,37240
,,37,GRADY,250,37250
,,37,GRANT,260,37260
,,37,GREER,270,37270
,,37,HARMON,280,37280
,,37,HARPER,290,37290
,,37,HASKELL,300,37300
,,37,HUGHES,310,37310
,,37,JACKSON,320,37320
,,37,JEFFERSON,330,37330
,,37,JOHNSTON,340,37340
,,37,KAY,350,37350
,,37,KINGFISHER,360,37360
,,37,KIOWA,370,37370
,,37,LATIMER,380,37380
,,37,LE FLORE,390,37390
,,37,LINCOLN,400,37400
,,37,LOGAN,410,37410
,,37,LOVE,420,37420
,,37,MCCLAIN,430,37430
,,37,MCCURTAIN,440,37440
,,37,MCINTOSH,450,37450
,,37,MAJOR,460,37460
,,37,MARSHALL,470,37470
,,37,MAYES,480,37480
,,37,MURRAY,490,37490
,,37,MUSKOGEE,500,37500
,,37,NOBLE,510,37510
,,37,NOWATA,520,37520
,,37,OKFUSKEE,530,37530
,,37,OKLAHOMA,540,37540
,,37,OKMULGEE,550,37550
,,37,OSAGE,560,37560
,,37,OTTAWA,570,37570
,,37,PAWNEE,580,37580
,,37,PAYNE,590,37590
,,37,PITTSBURG,600,37600
,,37,PONTOTOC,610,37610
,,37,POTTAWATOMIE,620,37620
,,37,PUSHMATAHA,630,37630
,,37,ROGER MILLS,640,37640
,,37,ROGERS,650,37650
,,37,SEMINOLE,660,37660
,,37,SEQUOYAH,670,37670
,,37,STEPHENS,680,37680
,,37,TEXAS,690,37690
,,37,TILLMAN,700,37700
,,37,TULSA,710,37710
,,37,WAGONER,720,37720
,,37,WASHINGTON,730,37730
,,37,WASHITA,740,37740
,,37,WOODS,750,37750
,,37,WOODWARD,760,37760
,,37,STATEWIDE,999,37999
,,38,BAKER,0,38000
,,38,BENTON,10,38010
,,38,CLACKAMAS,20,38020
,,38,CLATSOP,30,38030
,,38,COLUMBIA,40,38040
,,38,COOS,50,38050
,,38,CROOK,60,38060
,,38,CURRY,70,38070
,,38,DESCHUTES,80,38080
,,38,DOUGLAS,90,38090
,,38,GILLIAM,100,38100
,,38,GRANT,110,38110
,,38,HARNEY,120,38120
,,38,HOOD RIVER,130,38130
,,38,JACKSON,140,38140
,,38,JEFFERSON,150,38150
,,38,JOSEPHINE,160,38160
,,38,KLAMATH,170,38170
,,38,LAKE,180,38180
,,38,LANE,190,38190
,,38,LINCOLN,200,38200
,,38,LINN,210,38210
,,38,MALHEUR,220,38220
,,38,MARION,230,38230
,,38,MORROW,240,38240
,,38,MULTNOMAH,250,38250
,,38,POLK,260,38260
,,38,SHERMAN,270,38270
,,38,TILLAMOOK,280,38280
,,38,UMATILLA,290,38290
,,38,UNION,300,38300
,,38,WALLOWA,310,38310
,,38,WASCO,320,38320
,,38,WASHINGTON,330,38330
,,38,WHEELER,340,38340
,,38,YAMHILL,350,38350
,,38,STATEWIDE,999,38999
,,39,ADAMS,0,39000
,,39,ALLEGHENY,10,39010
,,39,ARMSTRONG,70,39070
,,39,BEAVER,80,39080
,,39,BEDFORD,100,39100
,,39,BERKS,110,39110
,,39,BLAIR,120,39120
,,39,BRADFORD,130,39130
,,39,BUCKS,140,39140
,,39,BUTLER,150,39150
,,39,CAMBRIA,160,39160
,,39,CAMERON,180,39180
,,39,CARBON,190,39190
,,39,CENTRE,200,39200
,,39,CHESTER,210,39210
,,39,CLARION,220,39220
,,39,CLEARFIELD,230,39230
,,39,CLINTON,240,39240
,,39,COLUMBIA,250,39250
,,39,CRAWFORD,260,39260
,,39,CUMBERLAND,270,39270
,,39,DAUPHIN,280,39280
,,39,DELAWARE,290,39290
,,39,ELK,310,39310
,,39,ERIE,320,39320
,,39,FAYETTE,330,39330
,,39,FOREST,340,39340
,,39,FRANKLIN,350,39350
,,39,FULTON,360,39360
,,39,GREENE,370,39370
,,39,HUNTINGDON,380,39380
,,39,INDIANA,390,39390
,,39,JEFFERSON,400,39400
,,39,JUNIATA,410,39410
,,39,LACKAWANNA,420,39420
,,39,LANCASTER,440,39440
,,39,LAWRENCE,450,39450
,,39,LEBANON,460,39460
,,39,LEHIGH,470,39470
,,39,LUZERNE,480,39480
,,39,LYCOMING,510,39510
,,39,MC KEAN,520,39520
,,39,MERCER,530,39530
,,39,MIFFLIN,540,39540
,,39,MONROE,550,39550
,,39,MONTGOMERY,560,39560
,,39,MONTOUR,580,39580
,,39,NORTHAMPTON,590,39590
,,39,NORTHUMBERLND,600,39600
,,39,PERRY,610,39610
,,39,PHILADELPHIA,620,39620
,,39,PIKE,630,39630
,,39,POTTER,640,39640
,,39,SCHUYLKILL,650,39650
,,39,SNYDER,670,39670
,,39,SOMERSET,680,39680
,,39,SULLIVAN,690,39690
,,39,SUSQUEHANNA,700,39700
,,39,TIOGA,710,39710
,,39,UNION,720,39720
,,39,VENANGO,730,39730
,,39,WARREN,740,39740
,,39,WASHINGTON,750,39750
,,39,WAYNE,760,39760
,,39,WESTMORELAND,770,39770
,,39,WYOMING,790,39790
,,39,YORK,800,39800
,,39,STATEWIDE,999,39999
,,40,ADJUNTAS,10,40010
,,40,AGUADA,20,40020
,,40,AGUADILLA,30,40030
,,40,AGUAS BUENAS,40,40040
,,40,AIBONITO,50,40050
,,40,ANASCO,60,40060
,,40,ARECIBO,70,40070
,,40,ARROYO,80,40080
,,40,BARCELONETA,90,40090
,,40,BARRANQUITAS,100,40100
,,40,BAYAMON,110,40110
,,40,CABO ROJO,120,40120
,,40,CAGUAS,130,40130
,,40,CAMUY,140,40140
,,40,CANOVANAS,145,40145
,,40,CAROLINA,150,40150
,,40,CATANO,160,40160
,,40,CAYEY,170,40170
,,40,CEIBA,180,40180
,,40,CIALES,190,40190
,,40,CIDRA,200,40200
,,40,COAMO,210,40210
,,40,COMERIO,220,40220
,,40,COROZAL,230,40230
,,40,CULEBRA,240,40240
,,40,DORADO,250,40250
,,40,FAJARDO,260,40260
,,40,FLORIDA,265,40265
,,40,GUANICA,270,40270
,,40,GUAYAMA,280,40280
,,40,GUAYANILLA,290,40290
,,40,GUAYNABO,300,40300
,,40,GURABO,310,40310
,,40,HATILLO,320,40320
,,40,HORMIGUEROS,330,40330
,,40,HUMACAO,340,40340
,,40,ISABELA,350,40350
,,40,JAYUYA,360,40360
,,40,JUANA DIAZ,370,40370
,,40,JUNCOS,380,40380
,,40,LAJAS,390,40390
,,40,LARES,400,40400
,,40,LAS MARIAS,410,40410
,,40,LAS PIEDRAS,420,40420
,,40,LOIZA,430,40430
,,40,LUQUILLO,440,40440
,,40,MANATI,450,40450
,,40,MARICAO,460,40460
,,40,MAUNABO,470,40470
,,40,MAYAGUEZ,480,40480
,,40,MOCA,490,40490
,,40,MOROVIS,500,40500
,,40,MAGUABO,510,40510
,,40,NARANJITO,520,40520
,,40,OROCOVIS,530,40530
,,40,PATILLAS,540,40540
,,40,PENUELAS,550,40550
,,40,PONCE,560,40560
,,40,QUEBRADILLAS,570,40570
,,40,RINCON,580,40580
,,40,RIO GRANDE,590,40590
,,40,SABANA GRANDE,610,40610
,,40,SALINAS,620,40620
,,40,SAN GERMAN,630,40630
,,40,SAN JUAN,640,40640
,,40,SAN LORENZO,650,40650
,,40,SAN SEBASTIAN,660,40660
,,40,SANTA ISABEL,670,40670
,,40,TOA ALTA,680,40680
,,40,TOA BAJA,690,40690
,,40,TRUJILLO ALTO,700,40700
,,40,UTUADO,710,40710
,,40,VEGA ALTA,720,40720
,,40,VEGA BAJA,730,40730
,,40,VIEQUES,740,40740
,,40,VILLALBA,750,40750
,,40,YABUCOA,760,40760
,,40,YAUCO,770,40770
,,40,"PUERTO RICO, NFD",999,40999
,,41,BRISTOL,0,41000
,,41,KENT,10,41010
,,41,NEWPORT,20,41020
,,41,PROVIDENCE,30,41030
,,41,WASHINGTON,50,41050
,,41,STATEWIDE,999,41999
,,42,ABBEVILLE,0,42000
,,42,AIKEN,10,42010
,,42,ALLENDALE,20,42020
,,42,ANDERSON,30,42030
,,42,BAMBERG,40,42040
,,42,BARNWELL,50,42050
,,42,BEAUFORT,60,42060
,,42,BERKELEY,70,42070
,,42,CALHOUN,80,42080
,,42,CHARLESTON,90,42090
,,42,CHEROKEE,100,42100
,,42,CHESTER,110,42110
,,42,CHESTERFIELD,120,42120
,,42,CLARENDON,130,42130
,,42,COLLETON,140,42140
,,42,DARLINGTON,150,42150
,,42,DILLON,160,42160
,,42,DORCHESTER,170,42170
,,42,EDGEFIELD,180,42180
,,42,FAIRFIELD,190,42190
,,42,FLORENCE,200,42200
,,42,GEORGETOWN,210,42210
,,42,GREENVILLE,220,42220
,,42,GREENWOOD,230,42230
,,42,HAMPTON,240,42240
,,42,HORRY,250,42250
,,42,JASPER,260,42260
,,42,KERSHAW,270,42270
,,42,LANCASTER,280,42280
,,42,LAURENS,290,42290
,,42,LEE,300,42300
,,42,LEXINGTON,310,42310
,,42,MCCORMICK,320,42320
,,42,MARION,330,42330
,,42,MARLBORO,340,42340
,,42,NEWBERRY,350,42350
,,42,OCONEE,360,42360
,,42,ORANGEBURG,370,42370
,,42,PICKENS,380,42380
,,42,RICHLAND,390,42390
,,42,SALUDA,400,42400
,,42,SPARTANBURG,410,42410
,,42,SUMTER,420,42420
,,42,UNION,430,42430
,,42,WILLIAMSBURG,440,42440
,,42,YORK,450,42450
,,42,STATEWIDE,999,42999
,,43,AURORA,10,43010
,,43,BEADLE,20,43020
,,43,BENNETT,30,43030
,,43,BON HOMME,40,43040
,,43,BROOKINGS,50,43050
,,43,BROWN,60,43060
,,43,BRULE,70,43070
,,43,BUFFALO,80,43080
,,43,BUTTE,90,43090
,,43,CAMPBELL,100,43100
,,43,CHARLES MIX,110,43110
,,43,CLARK,120,43120
,,43,CLAY,130,43130
,,43,CODINGTON,140,43140
,,43,CORSON,150,43150
,,43,CUSTER,160,43160
,,43,DAVISON,170,43170
,,43,DAY,180,43180
,,43,DEUEL,190,43190
,,43,DEWEY,200,43200
,,43,DOUGLAS,210,43210
,,43,EDMUNDS,220,43220
,,43,FALL RIVER,230,43230
,,43,FAULK,240,43240
,,43,GRANT,250,43250
,,43,GREGORY,260,43260
,,43,HAAKON,270,43270
,,43,HAMLIN,280,43280
,,43,HAND,290,43290
,,43,HANSON,300,43300
,,43,HARDING,310,43310
,,43,HUGHES,320,43320
,,43,HUTCHINSON,330,43330
,,43,HYDE,340,43340
,,43,JACKSON,350,43350
,,43,JERAULD,360,43360
,,43,JONES,370,43370
,,43,KINGSBURY,380,43380
,,43,LAKE,390,43390
,,43,LAWRENCE,400,43400
,,43,LINCOLN,410,43410
,,43,LYMAN,420,43420
,,43,MC COOK,430,43430
,,43,MC PHERSON,440,43440
,,43,MARSHALL,450,43450
,,43,MEADE,460,43460
,,43,MELLETTE,470,43470
,,43,MINER,480,43480
,,43,MINNEHAHA,490,43490
,,43,MOODY,500,43500
,,43,PENNINGTON,510,43510
,,43,PERKINS,520,43520
,,43,POTTER,530,43530
,,43,ROBERTS,540,43540
,,43,SANBORN,550,43550
,,43,SHANNON,560,43560
,,43,SPINK,570,43570
,,43,STANLEY,580,43580
,,43,SULLY,590,43590
,,43,TODD,600,43600
,,43,TRIPP,610,43610
,,43,TURNER,620,43620
,,43,UNION,630,43630
,,43,WALWORTH,640,43640
,,43,WASHABAUGH,650,43650
,,43,YANKTON,670,43670
,,43,ZIEBACH,680,43680
,,43,STATEWIDE,999,43999
,,44,ANDERSON,0,44000
,,44,BEDFORD,10,44010
,,44,BENTON,20,44020
,,44,BLEDSOE,30,44030
,,44,BLOUNT,40,44040
,,44,BRADLEY,50,44050
,,44,CAMPBELL,60,44060
,,44,CANNON,70,44070
,,44,CARROLL,80,44080
,,44,CARTER,90,44090
,,44,CHEATHAM,100,44100
,,44,CHESTER,110,44110
,,44,CLAIBORNE,120,44120
,,44,CLAY,130,44130
,,44,COCKE,140,44140
,,44,COFFEE,150,44150
,,44,CROCKETT,160,44160
,,44,CUMBERLAND,170,44170
,,44,DAVIDSON,180,44180
,,44,DECATUR,190,44190
,,44,DE KALB,200,44200
,,44,DICKSON,210,44210
,,44,DYER,220,44220
,,44,FAYETTE,230,44230
,,44,FENTRESS,240,44240
,,44,FRANKLIN,250,44250
,,44,GIBSON,260,44260
,,44,GILES,270,44270
,,44,GRAINGER,280,44280
,,44,GREENE,290,44290
,,44,GRUNDY,300,44300
,,44,HAMBLEN,310,44310
,,44,HAMILTON,320,44320
,,44,HANCOCK,330,44330
,,44,HARDEMAN,340,44340
,,44,HARDIN,350,44350
,,44,HAWKINS,360,44360
,,44,HAYWOOD,370,44370
,,44,HENDERSON,380,44380
,,44,HENRY,390,44390
,,44,HICKMAN,400,44400
,,44,HOUSTON,410,44410
,,44,HUMPHREYS,420,44420
,,44,JACKSON,430,44430
,,44,JEFFERSON,440,44440
,,44,JOHNSON,450,44450
,,44,KNOX,460,44460
,,44,LAKE,470,44470
,,44,LAUDERDALE,480,44480
,,44,LAWRENCE,490,44490
,,44,LEWIS,500,44500
,,44,LINCOLN,510,44510
,,44,LOUDON,520,44520
,,44,MC MINN,530,44530
,,44,MC NAIRY,540,44540
,,44,MACON,550,44550
,,44,MADISON,560,44560
,,44,MARION,570,44570
,,44,MARSHALL,580,44580
,,44,MAURY,590,44590
,,44,MEIGS,600,44600
,,44,MONROE,610,44610
,,44,MONTGOMERY,620,44620
,,44,MOORE,630,44630
,,44,MORGAN,640,44640
,,44,OBION,650,44650
,,44,OVERTON,660,44660
,,44,PERRY,670,44670
,,44,PICKETT,680,44680
,,44,POLK,690,44690
,,44,PUTNAM,700,44700
,,44,RHEA,710,44710
,,44,ROANE,720,44720
,,44,ROBERTSON,730,44730
,,44,RUTHERFORD,740,44740
,,44,SCOTT,750,44750
,,44,SEQUATCHIE,760,44760
,,44,SEVIER,770,44770
,,44,SHELBY,780,44780
,,44,SMITH,790,44790
,,44,STEWART,800,44800
,,44,SULLIVAN,810,44810
,,44,SUMNER,820,44820
,,44,TIPTON,830,44830
,,44,TROUSDALE,840,44840
,,44,UNICOI,850,44850
,,44,UNION,860,44860
,,44,VAN BUREN,870,44870
,,44,WARREN,880,44880
,,44,WASHINGTON,890,44890
,,44,WAYNE,900,44900
,,44,WEAKLEY,910,44910
,,44,WHITE,920,44920
,,44,WILLIAMSON,930,44930
,,44,WILSON,940,44940
,,44,STATEWIDE,999,44999
,,45,ANDERSON,0,45000
,,45,ANDREWS,10,45010
,,45,ANGELINA,20,45020
,,45,ARANSAS,30,45030
,,45,ARCHER,40,45040
,,45,ARMSTRONG,50,45050
,,45,ATASCOSA,60,45060
,,45,AUSTIN,70,45070
,,45,BAILEY,80,45080
,,45,BANDERA,90,45090
,,45,BASTROP,100,45100
,,45,BAYLOR,110,45110
,,45,BEE,113,45113
,,45,BELL,120,45120
,,45,BEXAR,130,45130
,,45,BLANCO,140,45140
,,45,BORDEN,150,45150
,,45,BOSQUE,160,45160
,,45,BOWIE,170,45170
,,45,BRAZORIA,180,45180
,,45,BRAZOS,190,45190
,,45,BREWSTER,200,45200
,,45,BRISCOE,201,45201
,,45,BROOKS,210,45210
,,45,BROWN,220,45220
,,45,BURLESON,221,45221
,,45,BURNET,222,45222
,,45,CALDWELL,223,45223
,,45,CALHOUN,224,45224
,,45,CALLAHAN,230,45230
,,45,CAMERON,240,45240
,,45,CAMP,250,45250
,,45,CARSON,251,45251
,,45,CASS,260,45260
,,45,CASTRO,270,45270
,,45,CHAMBERS,280,45280
,,45,CHEROKEE,281,45281
,,45,CHILDRESS,290,45290
,,45,CLAY,291,45291
,,45,COCHRAN,292,45292
,,45,COKE,300,45300
,,45,COLEMAN,301,45301
,,45,COLLIN,310,45310
,,45,COLLINGSWORTH,311,45311
,,45,COLORADO,312,45312
,,45,COMAL,320,45320
,,45,COMANCHE,321,45321
,,45,CONCHO,330,45330
,,45,COOKE,340,45340
,,45,CORYELL,341,45341
,,45,COTTLE,350,45350
,,45,CRANE,360,45360
,,45,CROCKETT,361,45361
,,45,CROSBY,362,45362
,,45,CULBERSON,370,45370
,,45,DALLAM,380,45380
,,45,DALLAS,390,45390
,,45,DAWSON,391,45391
,,45,DEAF SMITH,392,45392
,,45,DELTA,400,45400
,,45,DENTON,410,45410
,,45,DE WITT,420,45420
,,45,DICKENS,421,45421
,,45,DIMMIT,430,45430
,,45,DONLEY,431,45431
,,45,DUVAL,440,45440
,,45,EASTLAND,450,45450
,,45,ECTOR,451,45451
,,45,EDWARDS,460,45460
,,45,ELLIS,470,45470
,,45,EL PASO,480,45480
,,45,ERATH,490,45490
,,45,FALLS,500,45500
,,45,FANNIN,510,45510
,,45,FAYETTE,511,45511
,,45,FISHER,520,45520
,,45,FLOYD,521,45521
,,45,FOARD,522,45522
,,45,FORT BEND,530,45530
,,45,FRANKLIN,531,45531
,,45,FREESTONE,540,45540
,,45,FRIO,541,45541
,,45,GAINES,542,45542
,,45,GALVESTON,550,45550
,,45,GARZA,551,45551
,,45,GILLESPIE,552,45552
,,45,GLASSCOCK,560,45560
,,45,GOLIAD,561,45561
,,45,GONZALES,562,45562
,,45,GRAY,563,45563
,,45,GRAYSON,564,45564
,,45,GREGG,570,45570
,,45,GRIMES,580,45580
,,45,GUADALUPE,581,45581
,,45,HALE,582,45582
,,45,HALL,583,45583
,,45,HAMILTON,590,45590
,,45,HANSFORD,591,45591
,,45,HARDEMAN,592,45592
,,45,HARDIN,600,45600
,,45,HARRIS,610,45610
,,45,HARRISON,620,45620
,,45,HARTLEY,621,45621
,,45,HASKELL,630,45630
,,45,HAYS,631,45631
,,45,HEMPHILL,632,45632
,,45,HENDERSON,640,45640
,,45,HIDALGO,650,45650
,,45,HILL,651,45651
,,45,HOCKLEY,652,45652
,,45,HOOD,653,45653
,,45,HOPKINS,654,45654
,,45,HOUSTON,660,45660
,,45,HOWARD,661,45661
,,45,HUDSPETH,662,45662
,,45,HUNT,670,45670
,,45,HUTCHINSON,671,45671
,,45,IRION,672,45672
,,45,JACK,680,45680
,,45,JACKSON,681,45681
,,45,JASPER,690,45690
,,45,JEFF DAVIS,691,45691
,,45,JEFFERSON,700,45700
,,45,JIM HOGG,710,45710
,,45,JIM WELLS,711,45711
,,45,JOHNSON,720,45720
,,45,JONES,721,45721
,,45,KARNES,722,45722
,,45,KAUFMAN,730,45730
,,45,KENDALL,731,45731
,,45,KENEDY,732,45732
,,45,KENT,733,45733
,,45,KERR,734,45734
,,45,KIMBLE,740,45740
,,45,KING,741,45741
,,45,KINNEY,742,45742
,,45,KLEBERG,743,45743
,,45,KNOX,744,45744
,,45,LAMAR,750,45750
,,45,LAMB,751,45751
,,45,LAMPASAS,752,45752
,,45,LA SALLE,753,45753
,,45,LAVACA,754,45754
,,45,LEE,755,45755
,,45,LEON,756,45756
,,45,LIBERTY,757,45757
,,45,LIMESTONE,758,45758
,,45,LIPSCOMB,759,45759
,,45,LIVE OAK,760,45760
,,45,LLANO,761,45761
,,45,LOVING,762,45762
,,45,LUBBOCK,770,45770
,,45,LYNN,771,45771
,,45,MC CULLOCH,772,45772
,,45,MC LENNAN,780,45780
,,45,MC MULLEN,781,45781
,,45,MADISON,782,45782
,,45,MARION,783,45783
,,45,MARTIN,784,45784
,,45,MASON,785,45785
,,45,MATAGORDA,790,45790
,,45,MAVERICK,791,45791
,,45,MEDINA,792,45792
,,45,MENARD,793,45793
,,45,MIDLAND,794,45794
,,45,MILAM,795,45795
,,45,MILLS,796,45796
,,45,MITCHELL,797,45797
,,45,MONTAGUE,800,45800
,,45,MONTGOMERY,801,45801
,,45,MOORE,802,45802
,,45,MORRIS,803,45803
,,45,MOTLEY,804,45804
,,45,NACOGDOCHES,810,45810
,,45,NAVARRO,820,45820
,,45,NEWTON,821,45821
,,45,NOLAN,822,45822
,,45,NUECES,830,45830
,,45,OCHILTREE,831,45831
,,45,OLDHAM,832,45832
,,45,ORANGE,840,45840
,,45,PALO PINTO,841,45841
,,45,PANOLA,842,45842
,,45,PARKER,843,45843
,,45,PARMER,844,45844
,,45,PECOS,845,45845
,,45,POLK,850,45850
,,45,POTTER,860,45860
,,45,PRESIDIO,861,45861
,,45,RAINS,870,45870
,,45,RANDALL,871,45871
,,45,REAGAN,872,45872
,,45,REAL,873,45873
,,45,RED RIVER,874,45874
,,45,REEVES,875,45875
,,45,REFUGIO,876,45876
,,45,ROBERTS,877,45877
,,45,ROBERTSON,878,45878
,,45,ROCKWALL,879,45879
,,45,RUNNELS,880,45880
,,45,RUSK,881,45881
,,45,SABINE,882,45882
,,45,SAN AUGUSTINE,883,45883
,,45,SAN JACINTO,884,45884
,,45,SAN PATRICIO,885,45885
,,45,SAN SABA,886,45886
,,45,SCHLEICHER,887,45887
,,45,SCURRY,888,45888
,,45,SHACKELFORD,889,45889
,,45,SHELBY,890,45890
,,45,SHERMAN,891,45891
,,45,SMITH,892,45892
,,45,SOMERVELL,893,45893
,,45,STARR,900,45900
,,45,STEPHENS,901,45901
,,45,STERLING,902,45902
,,45,STONEWALL,903,45903
,,45,SUTTON,904,45904
,,45,SWISHER,905,45905
,,45,TARRANT,910,45910
,,45,TAYLOR,911,45911
,,45,TERRELL,912,45912
,,45,TERRY,913,45913
,,45,THROCKMORTON,920,45920
,,45,TITUS,921,45921
,,45,TOM GREEN,930,45930
,,45,TRAVIS,940,45940
,,45,TRINITY,941,45941
,,45,TYLER,942,45942
,,45,UPSHUR,943,45943
,,45,UPTON,944,45944
,,45,UVALDE,945,45945
,,45,VAL VERDE,946,45946
,,45,VAN ZANDT,947,45947
,,45,VICTORIA,948,45948
,,45,WALKER,949,45949
,,45,WALLER,950,45950
,,45,WARD,951,45951
,,45,WASHINGTON,952,45952
,,45,WEBB,953,45953
,,45,WHARTON,954,45954
,,45,WHEELER,955,45955
,,45,WICHITA,960,45960
,,45,WILBARGER,961,45961
,,45,WILLACY,962,45962
,,45,WILLIAMSON,970,45970
,,45,WILSON,971,45971
,,45,WINKLER,972,45972
,,45,WISE,973,45973
,,45,WOOD,974,45974
,,45,YOAKUM,980,45980
,,45,YOUNG,981,45981
,,45,ZAPATA,982,45982
,,45,ZAVALA,983,45983
,,45,STATEWIDE,999,45999
,,46,BEAVER,0,46000
,,46,BOX ELDER,10,46010
,,46,CACHE,20,46020
,,46,CARBON,30,46030
,,46,DAGGETT,40,46040
,,46,DAVIS,50,46050
,,46,DUCHESNE,60,46060
,,46,EMERY,70,46070
,,46,GARFIELD,80,46080
,,46,GRAND,90,46090
,,46,IRON,100,46100
,,46,JUAB,110,46110
,,46,KANE,120,46120
,,46,MILLARD,130,46130
,,46,MORGAN,140,46140
,,46,PIUTE,150,46150
,,46,RICH,160,46160
,,46,SALT LAKE,170,46170
,,46,SAN JUAN,180,46180
,,46,SANPETE,190,46190
,,46,SEVIER,200,46200
,,46,SUMMIT,210,46210
,,46,TOOELE,220,46220
,,46,UINTAH,230,46230
,,46,UTAH,240,46240
,,46,WASATCH,250,46250
,,46,WASHINGTON,260,46260
,,46,WAYNE,270,46270
,,46,WEBER,280,46280
,,46,STATEWIDE,999,46999
,,47,ADDISON,0,47000
,,47,BENNINGTON,10,47010
,,47,CALEDONIA,20,47020
,,47,CHITTENDEN,30,47030
,,47,ESSEX,40,47040
,,47,FRANKLIN,50,47050
,,47,GRAND ISLE,60,47060
,,47,LAMOILLE,70,47070
,,47,ORANGE,80,47080
,,47,ORLEANS,90,47090
,,47,RUTLAND,100,47100
,,47,WASHINGTON,110,47110
,,47,WINDHAM,120,47120
,,47,WINDSOR,130,47130
,,47,STATEWIDE,999,47999
,,49,ACCOMACK,0,49000
,,49,ALBEMARLE,10,49010
,,49,ALLEGHANY,20,49020
,,49,AMELIA,30,49030
,,49,AMHERST,40,49040
,,49,APPOMATTOX,50,49050
,,49,ARLINGTON,60,49060
,,49,AUGUSTA,70,49070
,,49,BATH,80,49080
,,49,BEDFORD,90,49090
,,49,BLAND,100,49100
,,49,BOTETOURT,110,49110
,,49,BRUNSWICK,120,49120
,,49,BUCHANAN,130,49130
,,49,BUCKINGHAM,140,49140
,,49,CAMPBELL,150,49150
,,49,CAROLINE,160,49160
,,49,CARROLL,170,49170
,,49,CHARLES CITY,180,49180
,,49,CHARLOTTE,190,49190
,,49,CHESTERFIELD,200,49200
,,49,CLARKE,210,49210
,,49,CRAIG,220,49220
,,49,CULPEPER,230,49230
,,49,CUMBERLAND,240,49240
,,49,DICKENSON,250,49250
,,49,DINWIDDIE,260,49260
,,49,ESSEX,280,49280
,,49,FAIRFAX,290,49290
,,49,FAUQUIER,300,49300
,,49,FLOYD,310,49310
,,49,FLUVANNA,320,49320
,,49,FRANKLIN,330,49330
,,49,FREDERICK,340,49340
,,49,GILES,350,49350
,,49,GLOUCESTER,360,49360
,,49,GOOCHLAND,370,49370
,,49,GRAYSON,380,49380
,,49,GREENE,390,49390
,,49,GREENSVILLE,400,49400
,,49,HALIFAX,410,49410
,,49,HANOVER,420,49420
,,49,HENRICO,430,49430
,,49,HENRY,440,49440
,,49,HIGHLAND,450,49450
,,49,ISLE OF WIGHT,460,49460
,,49,JAMES CITY,470,49470
,,49,KING AND QUEEN,480,49480
,,49,KING GEORGE,490,49490
,,49,KING WILLIAM,500,49500
,,49,LANCASTER,510,49510
,,49,LEE,520,49520
,,49,LOUDOUN,530,49530
,,49,LOUISA,540,49540
,,49,LUNENBURG,550,49550
,,49,MADISON,560,49560
,,49,MATHEWS,570,49570
,,49,MECKLENBURG,580,49580
,,49,MIDDLESEX,590,49590
,,49,MONTGOMERY,600,49600
,,49,NELSON,620,49620
,,49,NEW KENT,621,49621
,,49,NORTHAMPTON,650,49650
,,49,NORTHUMBERLND,660,49660
,,49,NOTTOWAY,670,49670
,,49,ORANGE,680,49680
,,49,PAGE,690,49690
,,49,PATRICK,700,49700
,,49,PITTSYLVANIA,710,49710
,,49,POWHATAN,720,49720
,,49,PRINCE EDWARD,730,49730
,,49,PRINCE GEORGE,740,49740
,,49,PRINCE WILLIAM,750,49750
,,49,PULASKI,770,49770
,,49,RAPPAHANNOCK,780,49780
,,49,RICHMOND,790,49790
,,49,ROANOKE,800,49800
,,49,ROCKBRIDGE,810,49810
,,49,ROCKINGHAM,820,49820
,,49,RUSSELL,830,49830
,,49,SCOTT,840,49840
,,49,SHENANDOAH,850,49850
,,49,SMYTH,860,49860
,,49,SOUTHAMPTON,870,49870
,,49,SPOTSYLVANIA,880,49880
,,49,STAFFORD,890,49890
,,49,SURRY,900,49900
,,49,SUSSEX,910,49910
,,49,TAZEWELL,920,49920
,,49,WARREN,930,49930
,,49,WASHINGTON,950,49950
,,49,WESTMORELAND,960,49960
,,49,WISE,970,49970
,,49,WYTHE,980,49980
,,49,YORK,981,49981
,,49,ALEXANDRIA CITY,11,49011
,,49,BEDFORD CITY,88,49088
,,49,BRISTOL CITY,111,49111
,,49,BUENA VISTA CITY,141,49141
,,49,CHARLOTTESVILLE CITY,191,49191
,,49,CHESAPEAKE CITY,194,49194
,,49,CLIFTON FORGE CITY,211,49211
,,49,COLONIAL HEIGHTS CITY,212,49212
,,49,COVINGTON CITY,213,49213
,,49,DANVILLE CITY,241,49241
,,49,EMPORIA CITY,270,49270
,,49,FAIRFAX CITY,288,49288
,,49,FALLS CHURCH CITY,291,49291
,,49,FRANKLIN CITY,328,49328
,,49,FREDERICKSBURG CITY,342,49342
,,49,GALAX CITY,343,49343
,,49,HAMPTON CITY,411,49411
,,49,HARRISONBURG CITY,421,49421
,,49,HOPEWELL CITY,451,49451
,,49,LEXINGTON CITY,522,49522
,,49,LYNCHBURG CITY,551,49551
,,49,MANASSAS CITY,563,49563
,,49,MANASSAS PARK CITY,565,49565
,,49,MARTINSVILLE CITY,561,49561
,,49,NANSEMOND CITY,610,49610
,,49,NEWPORT NEWS CITY,622,49622
,,49,NORFOLK CITY,641,49641
,,49,NORTON CITY,661,49661
,,49,PETERSBURG CITY,701,49701
,,49,POQUOSON,712,49712
,,49,PORTSMOUTH CITY,711,49711
,,49,RADFORD CITY,771,49771
,,49,RICHMOND CITY,791,49791
,,49,ROANOKE CITY,801,49801
,,49,SALEM CITY,838,49838
,,49,SOUTH BOSTON CITY,867,49867
,,49,STAUNTON CITY,891,49891
,,49,SUFFOLK CITY,892,49892
,,49,VIRGINIA BEACH CITY,921,49921
,,49,WAYNESBORO CITY,951,49951
,,49,WILLIAMSBURG CITY,961,49961
,,49,WINCHESTER CITY,962,49962
,,49,STATEWIDE,999,49999
,,50,ADAMS,0,50000
,,50,ASOTIN,10,50010
,,50,BENTON,20,50020
,,50,CHELAN,30,50030
,,50,CLALLAM,40,50040
,,50,CLARK,50,50050
,,50,COLUMBIA,60,50060
,,50,COWLITZ,70,50070
,,50,DOUGLAS,80,50080
,,50,FERRY,90,50090
,,50,FRANKLIN,100,50100
,,50,GARFIELD,110,50110
,,50,GRANT,120,50120
,,50,GRAYS HARBOR,130,50130
,,50,ISLAND,140,50140
,,50,JEFFERSON,150,50150
,,50,KING,160,50160
,,50,KITSAP,170,50170
,,50,KITTITAS,180,50180
,,50,KLICKITAT,190,50190
,,50,LEWIS,200,50200
,,50,LINCOLN,210,50210
,,50,MASON,220,50220
,,50,OKANOGAN,230,50230
,,50,PACIFIC,240,50240
,,50,PEND OREILLE,250,50250
,,50,PIERCE,260,50260
,,50,SAN JUAN,270,50270
,,50,SKAGIT,280,50280
,,50,SKAMANIA,290,50290
,,50,SNOHOMISH,300,50300
,,50,SPOKANE,310,50310
,,50,STEVENS,320,50320
,,50,THURSTON,330,50330
,,50,WAHKIAKUM,340,50340
,,50,WALLA WALLA,350,50350
,,50,WHATCOM,360,50360
,,50,WHITMAN,370,50370
,,50,YAKIMA,380,50380
,,50,STATEWIDE,999,50999
,,51,BARBOUR,0,51000
,,51,BERKELEY,10,51010
,,51,BOONE,20,51020
,,51,BRAXTON,30,51030
,,51,BROOKE,40,51040
,,51,CABELL,50,51050
,,51,CALHOUN,60,51060
,,51,CLAY,70,51070
,,51,DODDRIDGE,80,51080
,,51,FAYETTE,90,51090
,,51,GILMER,100,51100
,,51,GRANT,110,51110
,,51,GREENBRIER,120,51120
,,51,HAMPSHIRE,130,51130
,,51,HANCOCK,140,51140
,,51,HARDY,150,51150
,,51,HARRISON,160,51160
,,51,JACKSON,170,51170
,,51,JEFFERSON,180,51180
,,51,KANAWHA,190,51190
,,51,LEWIS,200,51200
,,51,LINCOLN,210,51210
,,51,LOGAN,220,51220
,,51,MC DOWELL,230,51230
,,51,MARION,240,51240
,,51,MARSHALL,250,51250
,,51,MASON,260,51260
,,51,MERCER,270,51270
,,51,MINERAL,280,51280
,,51,MINGO,290,51290
,,51,MONONGALIA,300,51300
,,51,MONROE,310,51310
,,51,MORGAN,320,51320
,,51,NICHOLAS,330,51330
,,51,OHIO,340,51340
,,51,PENDLETON,350,51350
,,51,PLEASANTS,360,51360
,,51,POCAHONTAS,370,51370
,,51,PRESTON,380,51380
,,51,PUTNAM,390,51390
,,51,RALEIGH,400,51400
,,51,RANDOLPH,410,51410
,,51,RITCHIE,420,51420
,,51,ROANE,430,51430
,,51,SUMMERS,440,51440
,,51,TAYLOR,450,51450
,,51,TUCKER,460,51460
,,51,TYLER,470,51470
,,51,UPSHUR,480,51480
,,51,WAYNE,490,51490
,,51,WEBSTER,500,51500
,,51,WETZEL,510,51510
,,51,WIRT,520,51520
,,51,WOOD,530,51530
,,51,WYOMING,540,51540
,,51,STATEWIDE,999,51999
,,52,ADAMS,0,52000
,,52,ASHLAND,10,52010
,,52,BARRON,20,52020
,,52,BAYFIELD,30,52030
,,52,BROWN,40,52040
,,52,BUFFALO,50,52050
,,52,BURNETT,60,52060
,,52,CALUMET,70,52070
,,52,CHIPPEWA,80,52080
,,52,CLARK,90,52090
,,52,COLUMBIA,100,52100
,,52,CRAWFORD,110,52110
,,52,DANE,120,52120
,,52,DODGE,130,52130
,,52,DOOR,140,52140
,,52,DOUGLAS,150,52150
,,52,DUNN,160,52160
,,52,EAU CLAIRE,170,52170
,,52,FLORENCE,180,52180
,,52,FOND DU LAC,190,52190
,,52,FOREST,200,52200
,,52,GRANT,210,52210
,,52,GREEN,220,52220
,,52,GREEN LAKE,230,52230
,,52,IOWA,240,52240
,,52,IRON,250,52250
,,52,JACKSON,260,52260
,,52,JEFFERSON,270,52270
,,52,JUNEAU,280,52280
,,52,KENOSHA,290,52290
,,52,KEWAUNEE,300,52300
,,52,LA CROSSE,310,52310
,,52,LAFAYETTE,320,52320
,,52,LANGLADE,330,52330
,,52,LINCOLN,340,52340
,,52,MANITOWOC,350,52350
,,52,MARATHON,360,52360
,,52,MARINETTE,370,52370
,,52,MARQUETTE,380,52380
,,52,MENOMONEE,381,52381
,,52,MILWAUKEE,390,52390
,,52,MONROE,400,52400
,,52,OCONTO,410,52410
,,52,ONEIDA,420,52420
,,52,OUTAGAMIE,430,52430
,,52,OZAUKEE,440,52440
,,52,PEPIN,450,52450
,,52,PIERCE,460,52460
,,52,POLK,470,52470
,,52,PORTAGE,480,52480
,,52,PRICE,490,52490
,,52,RACINE,500,52500
,,52,RICHLAND,510,52510
,,52,ROCK,520,52520
,,52,RUSK,530,52530
,,52,ST. CROIX,540,52540
,,52,SAUK,550,52550
,,52,SAWYER,560,52560
,,52,SHAWANO,570,52570
,,52,SHEBOYGAN,580,52580
,,52,TAYLOR,590,52590
,,52,TREMPEALEAU,600,52600
,,52,VERNON,610,52610
,,52,VILAS,620,52620
,,52,WALWORTH,630,52630
,,52,WASHBURN,640,52640
,,52,WASHINGTON,650,52650
,,52,WAUKESHA,660,52660
,,52,WAUPACA,670,52670
,,52,WAUSHARA,680,52680
,,52,WINNEBAGO,690,52690
,,52,WOOD,700,52700
,,52,STATEWIDE,999,52999
,,53,ALBANY,0,53000
,,53,BIG HORN,10,53010
,,53,CAMPBELL,20,53020
,,53,CARBON,30,53030
,,53,CONVERSE,40,53040
,,53,CROOK,50,53050
,,53,FREMONT,60,53060
,,53,GOSHEN,70,53070
,,53,HOT SPRINGS,80,53080
,,53,JOHNSON,90,53090
,,53,LARAMIE,100,53100
,,53,LINCOLN,110,53110
,,53,NATRONA,120,53120
,,53,NIOBRARA,130,53130
,,53,PARK,140,53140
,,53,PLATTE,150,53150
,,53,SHERIDAN,160,53160
,,53,SUBLETTE,170,53170
,,53,SWEETWATER,180,53180
,,53,TETON,190,53190
,,53,UINTA,200,53200
,,53,WASHAKIE,210,53210
,,53,WESTON,220,53220
,,53,STATEWIDE,999,53999
